query,strategy,expected_answerable,guardrail_should_answer,guardrail_reason,top_score,embed_ms,search_ms,total_ms
"और, मैं अपने सहयोगियों को धन्यवाद देना चाहता हूँ: जिम अमेन, ज़ियाओमाओ लिन, और, इसके अलावा, कार्ला।",fixed_size,True,True,ok,0.7514551281929016,1.9416,20.2852,22.2268
"और, मैं अपने सहयोगियों को धन्यवाद देना चाहता हूँ: जिम अमेन, ज़ियाओमाओ लिन, और, इसके अलावा, कार्ला।",semantic_sentence_boundary,True,True,ok,0.6062376499176025,0.9339,14.7927,15.7266
"और, मैं अपने सहयोगियों को धन्यवाद देना चाहता हूँ: जिम अमेन, ज़ियाओमाओ लिन, और, इसके अलावा, कार्ला।",metadata_aware,True,True,ok,0.6062376499176025,0.9847,19.5343,20.519
"కాల్స్‌లో చర్చించిన విషయాలు, పాల్గొన్న రష్యన్ గూఢచార అధికారుల గుర్తింపు, మిస్టర్ ట్రంప్ సలహాదారులు ఎంతమంది రష్యన్లతో మాట్లాడుతున్నారు వంటి వాటితో సహా అధికారులు చాలా వివరాలను బహిర్గతం చేయలేదు.",fixed_size,True,True,ok,0.9596854448318481,1.6474,25.5415,27.1889
"కాల్స్‌లో చర్చించిన విషయాలు, పాల్గొన్న రష్యన్ గూఢచార అధికారుల గుర్తింపు, మిస్టర్ ట్రంప్ సలహాదారులు ఎంతమంది రష్యన్లతో మాట్లాడుతున్నారు వంటి వాటితో సహా అధికారులు చాలా వివరాలను బహిర్గతం చేయలేదు.",semantic_sentence_boundary,True,True,ok,0.8926892876625061,0.8544,10.9449,11.7993
"కాల్స్‌లో చర్చించిన విషయాలు, పాల్గొన్న రష్యన్ గూఢచార అధికారుల గుర్తింపు, మిస్టర్ ట్రంప్ సలహాదారులు ఎంతమంది రష్యన్లతో మాట్లాడుతున్నారు వంటి వాటితో సహా అధికారులు చాలా వివరాలను బహిర్గతం చేయలేదు.",metadata_aware,True,True,ok,0.8926892876625061,1.0705,12.5883,13.6588
"వెల్డింగ్, ఆమె లింకన్, నెబ్రాస్కాలోని ల్యాండ్‌ఫిల్‌లో సూపరింటెండెంట్.",fixed_size,True,True,ok,0.6474804282188416,0.7441,15.6529,16.397
"వెల్డింగ్, ఆమె లింకన్, నెబ్రాస్కాలోని ల్యాండ్‌ఫిల్‌లో సూపరింటెండెంట్.",semantic_sentence_boundary,True,True,ok,1.0,0.6452,12.7611,13.4063
"వెల్డింగ్, ఆమె లింకన్, నెబ్రాస్కాలోని ల్యాండ్‌ఫిల్‌లో సూపరింటెండెంట్.",metadata_aware,True,True,ok,1.0,0.728,8.9939,9.7219
"রিংওয়ার্ম হল একটি সাধারণ ত্বকের ব্যাধি যা অন্যথায় টিনিয়া নামে পরিচিত যা শরীরের ত্বক (টিনিয়া কর্পোরিস), মাথার খুলি (টিনিয়া ক্যাপাইটিস), পায়ে (টিনিয়া পেডিস, বা অ্যাথলিটের পায়ে), বা কুঁচকি (টিনিয়া ক্রুরিস, বা জক ইচ্ছা) কে প্রভাবিত করতে পারে।",fixed_size,True,True,ok,0.9124332070350647,0.834,16.4066,17.2406
"রিংওয়ার্ম হল একটি সাধারণ ত্বকের ব্যাধি যা অন্যথায় টিনিয়া নামে পরিচিত যা শরীরের ত্বক (টিনিয়া কর্পোরিস), মাথার খুলি (টিনিয়া ক্যাপাইটিস), পায়ে (টিনিয়া পেডিস, বা অ্যাথলিটের পায়ে), বা কুঁচকি (টিনিয়া ক্রুরিস, বা জক ইচ্ছা) কে প্রভাবিত করতে পারে।",semantic_sentence_boundary,True,True,ok,0.9703060984611511,0.9007,10.8915,11.7922
"রিংওয়ার্ম হল একটি সাধারণ ত্বকের ব্যাধি যা অন্যথায় টিনিয়া নামে পরিচিত যা শরীরের ত্বক (টিনিয়া কর্পোরিস), মাথার খুলি (টিনিয়া ক্যাপাইটিস), পায়ে (টিনিয়া পেডিস, বা অ্যাথলিটের পায়ে), বা কুঁচকি (টিনিয়া ক্রুরিস, বা জক ইচ্ছা) কে প্রভাবিত করতে পারে।",metadata_aware,True,True,ok,0.9703060984611511,0.8281,9.2118,10.0399
"பிவி பேனல்கள் பகுதியளவு நாளின் போது நிழலிடப்பட்டால், நிழல் சதவீதத்திற்கு ஏற்ப வெளியீடு குறைக்கப்படும்.",fixed_size,True,True,ok,0.6852627396583557,0.6925,15.4681,16.1606
"பிவி பேனல்கள் பகுதியளவு நாளின் போது நிழலிடப்பட்டால், நிழல் சதவீதத்திற்கு ஏற்ப வெளியீடு குறைக்கப்படும்.",semantic_sentence_boundary,True,True,ok,1.0,1.103,11.5082,12.6112
"பிவி பேனல்கள் பகுதியளவு நாளின் போது நிழலிடப்பட்டால், நிழல் சதவீதத்திற்கு ஏற்ப வெளியீடு குறைக்கப்படும்.",metadata_aware,True,True,ok,0.5818520784378052,0.6807,9.2481,9.9288
তিনি খেলার সম্প্রচারে একটি সফল কর্মজীবনে পরিবর্তিত হওয়ার আগে নিউ ইয়র্ক জায়ান্টসের হয়ে খেলেছিলেন।,fixed_size,True,True,ok,0.844531774520874,0.6785,14.4599,15.1384
তিনি খেলার সম্প্রচারে একটি সফল কর্মজীবনে পরিবর্তিত হওয়ার আগে নিউ ইয়র্ক জায়ান্টসের হয়ে খেলেছিলেন।,semantic_sentence_boundary,True,True,ok,0.7156223058700562,0.7471,9.959,10.7061
তিনি খেলার সম্প্রচারে একটি সফল কর্মজীবনে পরিবর্তিত হওয়ার আগে নিউ ইয়র্ক জায়ান্টসের হয়ে খেলেছিলেন।,metadata_aware,True,True,ok,0.7156223058700562,0.6783,11.2232,11.9015
তিনি উল্লেখ করেন যে তাঁর মাতৃভাষা হিব্রুতে ফলের দুটি রূপের মধ্যে কোনও পার্থক্য করা হয়নি - জ্যাম এবং জেলি।,fixed_size,True,True,ok,0.7450084686279297,0.7375,17.306,18.0435
তিনি উল্লেখ করেন যে তাঁর মাতৃভাষা হিব্রুতে ফলের দুটি রূপের মধ্যে কোনও পার্থক্য করা হয়নি - জ্যাম এবং জেলি।,semantic_sentence_boundary,True,True,ok,0.7450084686279297,1.029,11.1719,12.2009
তিনি উল্লেখ করেন যে তাঁর মাতৃভাষা হিব্রুতে ফলের দুটি রূপের মধ্যে কোনও পার্থক্য করা হয়নি - জ্যাম এবং জেলি।,metadata_aware,True,True,ok,0.7450084686279297,0.7622,12.2233,12.9855
"సంస్కృతిని భాష, నిబంధనలు, విలువలు, నమ్మకాలు మరియు మరిన్ని అంశాలు కలిసి ప్రజల జీవన విధానంగా నిర్వచించవచ్చు.",fixed_size,True,True,ok,0.8155968189239502,0.7713,15.8006,16.5719
"సంస్కృతిని భాష, నిబంధనలు, విలువలు, నమ్మకాలు మరియు మరిన్ని అంశాలు కలిసి ప్రజల జీవన విధానంగా నిర్వచించవచ్చు.",semantic_sentence_boundary,True,True,ok,0.8155968189239502,0.7377,11.0066,11.7443
"సంస్కృతిని భాష, నిబంధనలు, విలువలు, నమ్మకాలు మరియు మరిన్ని అంశాలు కలిసి ప్రజల జీవన విధానంగా నిర్వచించవచ్చు.",metadata_aware,True,True,ok,0.8155968189239502,0.7463,25.1338,25.8801
"কর্মদিবস কর্মীর ক্ষতিপূরণের পরিমাণ, মুদ্রা, কতবার এবং অন্যান্য বৈশিষ্ট্য নির্ধারণ করতে ক্ষতিপূরণ উপাদানগুলি ব্যবহার করে।",fixed_size,True,True,ok,0.8669710755348206,1.3668,33.4484,34.8152
"কর্মদিবস কর্মীর ক্ষতিপূরণের পরিমাণ, মুদ্রা, কতবার এবং অন্যান্য বৈশিষ্ট্য নির্ধারণ করতে ক্ষতিপূরণ উপাদানগুলি ব্যবহার করে।",semantic_sentence_boundary,True,True,ok,0.7657012343406677,0.7655,24.0621,24.8276
"কর্মদিবস কর্মীর ক্ষতিপূরণের পরিমাণ, মুদ্রা, কতবার এবং অন্যান্য বৈশিষ্ট্য নির্ধারণ করতে ক্ষতিপূরণ উপাদানগুলি ব্যবহার করে।",metadata_aware,True,True,ok,0.7657012343406677,1.3791,23.728,25.1071
"স্বেচ্ছাচারী শব্দটি এমন একটি কাজের ধারা বা সিদ্ধান্তকে বোঝায় যা যুক্তি বা বিচারের উপর ভিত্তি করে নয়, বরং নিয়ম বা মানদণ্ড বিবেচনা না করে ব্যক্তিগত ইচ্ছা বা বিবেচনার উপর ভিত্তি করে।",fixed_size,True,True,ok,0.9999999403953552,1.4469,34.8107,36.2576
"স্বেচ্ছাচারী শব্দটি এমন একটি কাজের ধারা বা সিদ্ধান্তকে বোঝায় যা যুক্তি বা বিচারের উপর ভিত্তি করে নয়, বরং নিয়ম বা মানদণ্ড বিবেচনা না করে ব্যক্তিগত ইচ্ছা বা বিবেচনার উপর ভিত্তি করে।",semantic_sentence_boundary,True,True,ok,0.9999999403953552,1.2251,22.4384,23.6635
"স্বেচ্ছাচারী শব্দটি এমন একটি কাজের ধারা বা সিদ্ধান্তকে বোঝায় যা যুক্তি বা বিচারের উপর ভিত্তি করে নয়, বরং নিয়ম বা মানদণ্ড বিবেচনা না করে ব্যক্তিগত ইচ্ছা বা বিবেচনার উপর ভিত্তি করে।",metadata_aware,True,True,ok,0.9999999403953552,1.6463,20.6789,22.3252
இந்த சமீபத்திய முன்னேற்றங்கள் ஏன் அமெரிக்காவில் உள்ள பல வீரர்கள் தங்கள் மனநல மருந்துகளைக் கைவிட்டு போதைப்பொருளுக்கு மாறியுள்ளனர் என்பதை விளக்குகின்றன.,fixed_size,True,True,ok,0.7615883946418762,1.4296,33.9209,35.3505
இந்த சமீபத்திய முன்னேற்றங்கள் ஏன் அமெரிக்காவில் உள்ள பல வீரர்கள் தங்கள் மனநல மருந்துகளைக் கைவிட்டு போதைப்பொருளுக்கு மாறியுள்ளனர் என்பதை விளக்குகின்றன.,semantic_sentence_boundary,True,True,ok,1.0,1.24,22.6878,23.9278
இந்த சமீபத்திய முன்னேற்றங்கள் ஏன் அமெரிக்காவில் உள்ள பல வீரர்கள் தங்கள் மனநல மருந்துகளைக் கைவிட்டு போதைப்பொருளுக்கு மாறியுள்ளனர் என்பதை விளக்குகின்றன.,metadata_aware,True,True,ok,1.0,1.4628,23.61,25.0728
আলোর প্রয়োজনীয়তা: পূর্ণ সূর্যালোক।,fixed_size,True,True,ok,0.574167013168335,1.1757,34.384,35.5597
আলোর প্রয়োজনীয়তা: পূর্ণ সূর্যালোক।,semantic_sentence_boundary,True,True,ok,0.5703943967819214,1.3368,25.8592,27.196
আলোর প্রয়োজনীয়তা: পূর্ণ সূর্যালোক।,metadata_aware,True,True,ok,0.5703943967819214,1.4263,24.4149,25.8412
"మూలికలు మరియు నూనెను పెద్ద ఓవెన్ ప్రూఫ్ డిష్‌లో ఉంచి, ముందుగా వేడి చేసిన 250 డిగ్రీల ఓవెన్‌లో ఉంచండి.",fixed_size,True,True,ok,0.846041202545166,1.3456,36.5791,37.9247
"మూలికలు మరియు నూనెను పెద్ద ఓవెన్ ప్రూఫ్ డిష్‌లో ఉంచి, ముందుగా వేడి చేసిన 250 డిగ్రీల ఓవెన్‌లో ఉంచండి.",semantic_sentence_boundary,True,True,ok,0.846041202545166,0.7436,14.5511,15.2947
"మూలికలు మరియు నూనెను పెద్ద ఓవెన్ ప్రూఫ్ డిష్‌లో ఉంచి, ముందుగా వేడి చేసిన 250 డిగ్రీల ఓవెన్‌లో ఉంచండి.",metadata_aware,True,True,ok,0.7944326400756836,1.2227,11.3559,12.5786
அவற்றை குழாய் பாத்திரத்தில் வைத்து எட்டு மணி நேரம் குறைந்த வெப்பத்தில் சமையுங்கள்.,fixed_size,True,True,ok,0.7828999757766724,0.7871,21.4627,22.2498
அவற்றை குழாய் பாத்திரத்தில் வைத்து எட்டு மணி நேரம் குறைந்த வெப்பத்தில் சமையுங்கள்.,semantic_sentence_boundary,True,True,ok,0.7540075182914734,0.7233,10.8074,11.5307
அவற்றை குழாய் பாத்திரத்தில் வைத்து எட்டு மணி நேரம் குறைந்த வெப்பத்தில் சமையுங்கள்.,metadata_aware,True,True,ok,0.7540075182914734,0.7175,12.2704,12.9879
2 స్టాండర్డ్ యూట్యూబ్ లైసెన్స్.,fixed_size,True,True,ok,0.5868734121322632,1.1069,22.6591,23.766
2 స్టాండర్డ్ యూట్యూబ్ లైసెన్స్.,semantic_sentence_boundary,True,True,ok,0.7101337909698486,1.0556,25.7339,26.7895
2 స్టాండర్డ్ యూట్యూబ్ లైసెన్స్.,metadata_aware,True,True,ok,0.9999999403953552,0.6366,25.1926,25.8292
3 ఫ్రాన్స్: 0800-919-278.,fixed_size,True,True,ok,0.6031320691108704,0.9575,35.0487,36.0062
3 ఫ్రాన్స్: 0800-919-278.,semantic_sentence_boundary,True,True,ok,0.587371289730072,0.9162,25.3237,26.2399
3 ఫ్రాన్స్: 0800-919-278.,metadata_aware,True,True,ok,0.587371289730072,1.9143,27.381,29.2953
यह पता लगाएं कि आपको प्रति घंटे कितनी किलोवाट बिजली की आवश्यकता है।,fixed_size,True,True,ok,0.7097429037094116,1.0863,37.4477,38.534
यह पता लगाएं कि आपको प्रति घंटे कितनी किलोवाट बिजली की आवश्यकता है।,semantic_sentence_boundary,True,True,ok,0.6907871961593628,2.2285,25.4649,27.6934
यह पता लगाएं कि आपको प्रति घंटे कितनी किलोवाट बिजली की आवश्यकता है।,metadata_aware,True,True,ok,0.6907871961593628,1.4274,24.6786,26.106
"या तो दोनों जीवनसाथी एक उच्च न्यायालय (अपील या अपील) में न्यायालय के निर्णय के खिलाफ अपील कर सकते हैं, लेकिन तलाक के मामले में एक न्यायाधीश के निर्णय को अपील न्यायालय द्वारा उलट देना असामान्य है।",fixed_size,True,True,ok,0.9773023128509521,1.2184,37.9783,39.1967
"या तो दोनों जीवनसाथी एक उच्च न्यायालय (अपील या अपील) में न्यायालय के निर्णय के खिलाफ अपील कर सकते हैं, लेकिन तलाक के मामले में एक न्यायाधीश के निर्णय को अपील न्यायालय द्वारा उलट देना असामान्य है।",semantic_sentence_boundary,True,True,ok,0.9474807977676392,1.5653,29.4659,31.0312
"या तो दोनों जीवनसाथी एक उच्च न्यायालय (अपील या अपील) में न्यायालय के निर्णय के खिलाफ अपील कर सकते हैं, लेकिन तलाक के मामले में एक न्यायाधीश के निर्णय को अपील न्यायालय द्वारा उलट देना असामान्य है।",metadata_aware,True,True,ok,0.9474807977676392,1.2176,26.0015,27.2191
"পটাশিয়ামের বর্তমান দৈনিক মান ৩,৫০০ মিলিগ্রাম (মিলিগ্রাম)।",fixed_size,True,True,ok,0.7419712543487549,1.0126,35.7729,36.7855
"পটাশিয়ামের বর্তমান দৈনিক মান ৩,৫০০ মিলিগ্রাম (মিলিগ্রাম)।",semantic_sentence_boundary,True,True,ok,0.7419712543487549,1.4548,30.2873,31.7421
"পটাশিয়ামের বর্তমান দৈনিক মান ৩,৫০০ মিলিগ্রাম (মিলিগ্রাম)।",metadata_aware,True,True,ok,0.7419712543487549,1.2679,22.5834,23.8513
விருப்பங்களின் இரட்டை ஒத்திசைவு இல்லாமை: வாங்குபவரும் விற்பவரும் ஒருவருக்கொருவர் பொருட்களை பரிமாற்றம் செய்ய தயாராக இருக்கும்போது மட்டுமே பார்ட்டர் அமைப்பு செயல்படும்.,fixed_size,True,True,ok,0.9127249121665955,1.5871,37.8553,39.4424
விருப்பங்களின் இரட்டை ஒத்திசைவு இல்லாமை: வாங்குபவரும் விற்பவரும் ஒருவருக்கொருவர் பொருட்களை பரிமாற்றம் செய்ய தயாராக இருக்கும்போது மட்டுமே பார்ட்டர் அமைப்பு செயல்படும்.,semantic_sentence_boundary,True,True,ok,0.9235127568244934,1.3271,24.4393,25.7664
விருப்பங்களின் இரட்டை ஒத்திசைவு இல்லாமை: வாங்குபவரும் விற்பவரும் ஒருவருக்கொருவர் பொருட்களை பரிமாற்றம் செய்ய தயாராக இருக்கும்போது மட்டுமே பார்ட்டர் அமைப்பு செயல்படும்.,metadata_aware,True,True,ok,0.8349512815475464,0.8485,24.338,25.1865
"గ్లోబల్ వార్మింగ్‌ను తరచుగా ""వాతావరణ మార్పు"" అని సులభంగా పిలుస్తారు.",fixed_size,True,True,ok,0.6004602313041687,1.0621,37.3161,38.3782
"గ్లోబల్ వార్మింగ్‌ను తరచుగా ""వాతావరణ మార్పు"" అని సులభంగా పిలుస్తారు.",semantic_sentence_boundary,True,True,ok,0.5588513016700745,1.0168,26.7,27.7168
"గ్లోబల్ వార్మింగ్‌ను తరచుగా ""వాతావరణ మార్పు"" అని సులభంగా పిలుస్తారు.",metadata_aware,True,True,ok,0.5588513016700745,0.9981,30.9039,31.902
"உழைப்பு செலவுகள் $201 முதல் $254 வரை மதிப்பிடப்பட்டுள்ளது, அதே நேரத்தில் பாகங்களின் விலை $342 முதல் $618 வரை இருக்கும்.",fixed_size,True,True,ok,0.8752977848052979,1.8584,40.5576,42.416
"உழைப்பு செலவுகள் $201 முதல் $254 வரை மதிப்பிடப்பட்டுள்ளது, அதே நேரத்தில் பாகங்களின் விலை $342 முதல் $618 வரை இருக்கும்.",semantic_sentence_boundary,True,True,ok,0.8208339214324951,1.4236,27.6909,29.1145
"உழைப்பு செலவுகள் $201 முதல் $254 வரை மதிப்பிடப்பட்டுள்ளது, அதே நேரத்தில் பாகங்களின் விலை $342 முதல் $618 வரை இருக்கும்.",metadata_aware,True,True,ok,0.8208339214324951,1.8068,24.9865,26.7933
"ए) उन आइकनों की जाँच करें जिन्हें आप अपने डेस्कटॉप पर जोड़ना चाहते हैं, और चरण 8 पर जाएँ।",fixed_size,True,True,ok,0.9002714157104492,1.2534,37.2842,38.5376
"ए) उन आइकनों की जाँच करें जिन्हें आप अपने डेस्कटॉप पर जोड़ना चाहते हैं, और चरण 8 पर जाएँ।",semantic_sentence_boundary,True,True,ok,0.8534828424453735,1.0575,26.9891,28.0466
"ए) उन आइकनों की जाँच करें जिन्हें आप अपने डेस्कटॉप पर जोड़ना चाहते हैं, और चरण 8 पर जाएँ।",metadata_aware,True,True,ok,0.8534828424453735,1.1751,21.1438,22.3189
கருவைக்கூடைகள் முதிர்ச்சியடைய எவ்வளவு காலம் ஆகும்,fixed_size,True,True,ok,0.37728285789489746,0.6682,38.3393,39.0075
கருவைக்கூடைகள் முதிர்ச்சியடைய எவ்வளவு காலம் ஆகும்,semantic_sentence_boundary,True,True,ok,0.40861332416534424,1.168,23.6971,24.8651
கருவைக்கூடைகள் முதிர்ச்சியடைய எவ்வளவு காலம் ஆகும்,metadata_aware,True,True,ok,0.40861332416534424,0.9621,25.116,26.0781
এক্সবক্স 360 কিনেক্ট বান্ডিলের দাম প্রায় $300।,fixed_size,True,True,ok,0.7033684253692627,0.978,35.3623,36.3403
এক্সবক্স 360 কিনেক্ট বান্ডিলের দাম প্রায় $300।,semantic_sentence_boundary,True,True,ok,0.6864984035491943,1.7057,25.996,27.7017
এক্সবক্স 360 কিনেক্ট বান্ডিলের দাম প্রায় $300।,metadata_aware,True,True,ok,0.6864984035491943,0.9854,24.4008,25.3862
9 సమాధానాలు 9.,fixed_size,True,False,top_score_below_threshold (0.272 < 0.28),0.27198439836502075,1.2308,34.0683,35.2991
9 సమాధానాలు 9.,semantic_sentence_boundary,True,True,ok,0.49379271268844604,0.9357,22.2201,23.1558
9 సమాధానాలు 9.,metadata_aware,True,True,ok,0.49379271268844604,1.5711,22.3209,23.892
পিমেন্টেল বলেছেন যে এই দুটি কারণই বিশ্বব্যাপী ৩.৭ বিলিয়ন মানুষের অপুষ্টির কারণ এবং তাদের রোগের প্রতি আরও সংবেদনশীল করে তোলে।,fixed_size,True,True,ok,0.8293043971061707,1.1675,35.9697,37.1372
পিমেন্টেল বলেছেন যে এই দুটি কারণই বিশ্বব্যাপী ৩.৭ বিলিয়ন মানুষের অপুষ্টির কারণ এবং তাদের রোগের প্রতি আরও সংবেদনশীল করে তোলে।,semantic_sentence_boundary,True,True,ok,0.7711714506149292,1.1596,28.8524,30.012
পিমেন্টেল বলেছেন যে এই দুটি কারণই বিশ্বব্যাপী ৩.৭ বিলিয়ন মানুষের অপুষ্টির কারণ এবং তাদের রোগের প্রতি আরও সংবেদনশীল করে তোলে।,metadata_aware,True,True,ok,0.7711714506149292,1.5226,26.5479,28.0705
प्रत्येक प्रभाग में सबसे अधिक अंक प्राप्त करने वाली टीमों को प्रत्येक सम्मेलन के लिए 1-3 क्रमांक दिया जाता है और अगली उच्चतम टीमों को प्रत्येक सम्मेलन के लिए 4-8 क्रमांक दिया जाता है।,fixed_size,True,True,ok,0.8829426169395447,1.559,35.7425,37.3015
प्रत्येक प्रभाग में सबसे अधिक अंक प्राप्त करने वाली टीमों को प्रत्येक सम्मेलन के लिए 1-3 क्रमांक दिया जाता है और अगली उच्चतम टीमों को प्रत्येक सम्मेलन के लिए 4-8 क्रमांक दिया जाता है।,semantic_sentence_boundary,True,True,ok,0.9325711727142334,1.2328,26.5568,27.7896
प्रत्येक प्रभाग में सबसे अधिक अंक प्राप्त करने वाली टीमों को प्रत्येक सम्मेलन के लिए 1-3 क्रमांक दिया जाता है और अगली उच्चतम टीमों को प्रत्येक सम्मेलन के लिए 4-8 क्रमांक दिया जाता है।,metadata_aware,True,True,ok,0.9325711727142334,1.288,21.6787,22.9667
"விசித்திரமாக, திரவ அளவுகள் மட்டுமே எனக்கு சிரமத்தை அளிக்கின்றன.",fixed_size,True,True,ok,0.8679397106170654,1.4311,34.4823,35.9134
"விசித்திரமாக, திரவ அளவுகள் மட்டுமே எனக்கு சிரமத்தை அளிக்கின்றன.",semantic_sentence_boundary,True,True,ok,0.6168847680091858,0.8424,24.8737,25.7161
"விசித்திரமாக, திரவ அளவுகள் மட்டுமே எனக்கு சிரமத்தை அளிக்கின்றன.",metadata_aware,True,True,ok,1.0,1.835,25.3571,27.1921
టైలర్.,fixed_size,True,False,top_score_below_threshold (0.211 < 0.28),0.2109290063381195,1.0339,33.7388,34.7727
టైలర్.,semantic_sentence_boundary,True,True,ok,1.0,0.8778,22.1769,23.0547
టైలర్.,metadata_aware,True,True,ok,1.0,0.874,21.6942,22.5682
"শিপড ১৯৮৪ সাল থেকে একটি আন্তর্জাতিক জাহাজ ব্যবসায়ী হিসাবে সক্রিয় রয়েছে, নদী এবং সমুদ্রের জাহাজ এবং ইয়টের মতো অন্যান্য সামুদ্রিক প্রকল্প উভয়ই অফার করে।",fixed_size,True,True,ok,1.000000238418579,1.3707,37.1129,38.4836
"শিপড ১৯৮৪ সাল থেকে একটি আন্তর্জাতিক জাহাজ ব্যবসায়ী হিসাবে সক্রিয় রয়েছে, নদী এবং সমুদ্রের জাহাজ এবং ইয়টের মতো অন্যান্য সামুদ্রিক প্রকল্প উভয়ই অফার করে।",semantic_sentence_boundary,True,True,ok,0.8223550319671631,1.6512,31.7381,33.3893
"শিপড ১৯৮৪ সাল থেকে একটি আন্তর্জাতিক জাহাজ ব্যবসায়ী হিসাবে সক্রিয় রয়েছে, নদী এবং সমুদ্রের জাহাজ এবং ইয়টের মতো অন্যান্য সামুদ্রিক প্রকল্প উভয়ই অফার করে।",metadata_aware,True,True,ok,0.8223550319671631,1.4352,22.5877,24.0229
கென்னடி சர்வதேச விமான நிலையத்திலிருந்து கடந்த ஆண்டு மும்பைக்கான நியூஸ்டாப் சேவை இங்கு மாற்றப்பட்டது.,fixed_size,True,True,ok,0.9946799278259277,1.2566,43.7592,45.0158
கென்னடி சர்வதேச விமான நிலையத்திலிருந்து கடந்த ஆண்டு மும்பைக்கான நியூஸ்டாப் சேவை இங்கு மாற்றப்பட்டது.,semantic_sentence_boundary,True,True,ok,0.7622289061546326,1.2598,41.5755,42.8353
கென்னடி சர்வதேச விமான நிலையத்திலிருந்து கடந்த ஆண்டு மும்பைக்கான நியூஸ்டாப் சேவை இங்கு மாற்றப்பட்டது.,metadata_aware,True,True,ok,0.9221205115318298,1.3716,29.4353,30.8069
"ఈ పేజీలలో మీకు ప్రత్యేక వాతావరణ అంచనాలు, పైలట్ల కోసం అంచనాలు, పర్వత ప్రాంత అంచనాలు, తీరప్రాంత అంచనాలు, ప్రకృతి పర్యావరణంలో అగ్ని ప్రమాదం గురించి హెచ్చరికలు మరియు పర్వత ప్రాంతంలో తాజా మంచు పరిస్థితులు కూడా ఉంటాయి.",fixed_size,True,True,ok,1.0,1.3964,32.0746,33.471
"ఈ పేజీలలో మీకు ప్రత్యేక వాతావరణ అంచనాలు, పైలట్ల కోసం అంచనాలు, పర్వత ప్రాంత అంచనాలు, తీరప్రాంత అంచనాలు, ప్రకృతి పర్యావరణంలో అగ్ని ప్రమాదం గురించి హెచ్చరికలు మరియు పర్వత ప్రాంతంలో తాజా మంచు పరిస్థితులు కూడా ఉంటాయి.",semantic_sentence_boundary,True,True,ok,1.0,1.2007,14.1781,15.3788
"ఈ పేజీలలో మీకు ప్రత్యేక వాతావరణ అంచనాలు, పైలట్ల కోసం అంచనాలు, పర్వత ప్రాంత అంచనాలు, తీరప్రాంత అంచనాలు, ప్రకృతి పర్యావరణంలో అగ్ని ప్రమాదం గురించి హెచ్చరికలు మరియు పర్వత ప్రాంతంలో తాజా మంచు పరిస్థితులు కూడా ఉంటాయి.",metadata_aware,True,True,ok,1.0,0.9092,18.3343,19.2435
"এমনকি যদি আপনি প্রতি বছর ৪৫ ডলারের প্রায়শই ছাড়ের হারে এক্সবক্স লাইভ গোল্ড স্কোর করতে সক্ষম হন, তবে এক্সবক্স ওয়ানের মালিকানার পাঁচ বছরের খরচ হল ৭২৫ ডলার বনাম পিএস৪-এর জন্য ৪০০ ডলার।",fixed_size,True,True,ok,0.9523069858551025,1.3122,37.6438,38.956
"এমনকি যদি আপনি প্রতি বছর ৪৫ ডলারের প্রায়শই ছাড়ের হারে এক্সবক্স লাইভ গোল্ড স্কোর করতে সক্ষম হন, তবে এক্সবক্স ওয়ানের মালিকানার পাঁচ বছরের খরচ হল ৭২৫ ডলার বনাম পিএস৪-এর জন্য ৪০০ ডলার।",semantic_sentence_boundary,True,True,ok,0.831221342086792,1.5282,26.8148,28.343
"এমনকি যদি আপনি প্রতি বছর ৪৫ ডলারের প্রায়শই ছাড়ের হারে এক্সবক্স লাইভ গোল্ড স্কোর করতে সক্ষম হন, তবে এক্সবক্স ওয়ানের মালিকানার পাঁচ বছরের খরচ হল ৭২৫ ডলার বনাম পিএস৪-এর জন্য ৪০০ ডলার।",metadata_aware,True,True,ok,0.831221342086792,1.3641,25.5213,26.8854
"इस प्रक्रिया में, एक मुआवजा प्रशासक बोनस योजना की परिभाषा बनाता है।",fixed_size,True,True,ok,0.7030290961265564,1.2954,36.781,38.0764
"इस प्रक्रिया में, एक मुआवजा प्रशासक बोनस योजना की परिभाषा बनाता है।",semantic_sentence_boundary,True,True,ok,0.6912696361541748,2.0205,36.3513,38.3718
"इस प्रक्रिया में, एक मुआवजा प्रशासक बोनस योजना की परिभाषा बनाता है।",metadata_aware,True,True,ok,0.6912696361541748,2.1744,22.4851,24.6595
"அங்கிருந்து, குவார்ட் 2 பிண்டுகள் = 5 கப்புகள் = 40 அவுன்ஸ், கேலன் 4 குவார்டுகள் = 8 பிண்டுகள் = 20 கப்புகள் = 160 அவுன்ஸ்.",fixed_size,True,True,ok,0.9057526588439941,1.3068,47.7086,49.0154
"அங்கிருந்து, குவார்ட் 2 பிண்டுகள் = 5 கப்புகள் = 40 அவுன்ஸ், கேலன் 4 குவார்டுகள் = 8 பிண்டுகள் = 20 கப்புகள் = 160 அவுன்ஸ்.",semantic_sentence_boundary,True,True,ok,0.8829036951065063,1.1335,28.9237,30.0572
"அங்கிருந்து, குவார்ட் 2 பிண்டுகள் = 5 கப்புகள் = 40 அவுன்ஸ், கேலன் 4 குவார்டுகள் = 8 பிண்டுகள் = 20 கப்புகள் = 160 அவுன்ஸ்.",metadata_aware,True,True,ok,0.8829036951065063,1.2536,21.1469,22.4005
আমরা তাদের এভাবে স্মরণ করি না!,fixed_size,True,True,ok,0.39995479583740234,0.699,38.7849,39.4839
আমরা তাদের এভাবে স্মরণ করি না!,semantic_sentence_boundary,True,True,ok,0.4603559374809265,1.362,21.1785,22.5405
আমরা তাদের এভাবে স্মরণ করি না!,metadata_aware,True,True,ok,0.4603559374809265,0.8046,17.7731,18.5777
"हालांकि, ऐसे समय थे जब ऐसा लगता था कि लेखक अपनी राय को उन तथ्यों के साथ समर्थन दे रही थी जो आवश्यक रूप से तथ्यात्मक नहीं थे।",fixed_size,True,True,ok,0.8216027021408081,1.3461,39.6411,40.9872
"हालांकि, ऐसे समय थे जब ऐसा लगता था कि लेखक अपनी राय को उन तथ्यों के साथ समर्थन दे रही थी जो आवश्यक रूप से तथ्यात्मक नहीं थे।",semantic_sentence_boundary,True,True,ok,0.8625401854515076,1.284,30.137,31.421
"हालांकि, ऐसे समय थे जब ऐसा लगता था कि लेखक अपनी राय को उन तथ्यों के साथ समर्थन दे रही थी जो आवश्यक रूप से तथ्यात्मक नहीं थे।",metadata_aware,True,True,ok,0.8625401854515076,1.2204,27.2507,28.4711
"எனவே, நான்கு ஆண்டு இளங்கலைப் பட்டம்.",fixed_size,True,True,ok,0.722149133682251,1.4548,34.9428,36.3976
"எனவே, நான்கு ஆண்டு இளங்கலைப் பட்டம்.",semantic_sentence_boundary,True,True,ok,1.000000238418579,1.0382,16.1538,17.192
"எனவே, நான்கு ஆண்டு இளங்கலைப் பட்டம்.",metadata_aware,True,True,ok,1.000000238418579,0.6555,14.4882,15.1437
কী রিংওয়ার্ম?,fixed_size,True,True,ok,0.6555524468421936,1.0994,17.8886,18.988
কী রিংওয়ার্ম?,semantic_sentence_boundary,True,True,ok,0.6555524468421936,0.6485,15.7597,16.4082
কী রিংওয়ার্ম?,metadata_aware,True,True,ok,0.6555524468421936,1.0516,12.5383,13.5899
চিনি-মুক্ত মানে প্রতি ১০০ গ্রাম বা প্রতি ১০০ মিলিলিটারে ০.৫ গ্রামের কম চিনি।,fixed_size,True,True,ok,0.9316123127937317,0.7076,18.8687,19.5763
চিনি-মুক্ত মানে প্রতি ১০০ গ্রাম বা প্রতি ১০০ মিলিলিটারে ০.৫ গ্রামের কম চিনি।,semantic_sentence_boundary,True,True,ok,0.8203721046447754,0.7127,18.2905,19.0032
চিনি-মুক্ত মানে প্রতি ১০০ গ্রাম বা প্রতি ১০০ মিলিলিটারে ০.৫ গ্রামের কম চিনি।,metadata_aware,True,True,ok,0.8203721046447754,1.1429,13.8815,15.0244
గాజు విరిగిపోయే ఒత్తిడి స్థాయి అనేక అంశాలచే నియంత్రించబడుతుంది.,fixed_size,True,True,ok,0.7308247685432434,1.0111,17.7,18.7111
గాజు విరిగిపోయే ఒత్తిడి స్థాయి అనేక అంశాలచే నియంత్రించబడుతుంది.,semantic_sentence_boundary,True,True,ok,0.6950770616531372,0.9956,13.9292,14.9248
గాజు విరిగిపోయే ఒత్తిడి స్థాయి అనేక అంశాలచే నియంత్రించబడుతుంది.,metadata_aware,True,True,ok,0.6950770616531372,0.8974,15.8454,16.7428
"शतपती आम तौर पर परिचित नारंगी, रसीले मांस वाले किसी भी खरबूज को संदर्भित करता है।",fixed_size,True,True,ok,0.76192706823349,0.7148,22.821,23.5358
"शतपती आम तौर पर परिचित नारंगी, रसीले मांस वाले किसी भी खरबूज को संदर्भित करता है।",semantic_sentence_boundary,True,True,ok,0.76192706823349,0.7096,11.9944,12.704
"शतपती आम तौर पर परिचित नारंगी, रसीले मांस वाले किसी भी खरबूज को संदर्भित करता है।",metadata_aware,True,True,ok,0.76192706823349,1.3053,11.8074,13.1127
"நீங்கள் 3 வகையான தனிப்பயன் அறிக்கைகளை உருவாக்கலாம்: எளிய, மேம்பட்ட மற்றும் மேட்ரிக்ஸ்.",fixed_size,True,True,ok,0.8102604150772095,0.9977,22.7057,23.7034
"நீங்கள் 3 வகையான தனிப்பயன் அறிக்கைகளை உருவாக்கலாம்: எளிய, மேம்பட்ட மற்றும் மேட்ரிக்ஸ்.",semantic_sentence_boundary,True,True,ok,0.8850938081741333,0.7237,15.5889,16.3126
"நீங்கள் 3 வகையான தனிப்பயன் அறிக்கைகளை உருவாக்கலாம்: எளிய, மேம்பட்ட மற்றும் மேட்ரிக்ஸ்.",metadata_aware,True,True,ok,0.7602112293243408,0.994,12.2637,13.2577
డిమాండ్ టైటిల్స్‌పై ఎక్స్‌బాక్స్ 360 గేమ్‌లు కొన్ని డాలర్ల నుండి పూర్తి ధర $60 MSRP వరకు విస్తృత శ్రేణి ధరలకు అందుబాటులో ఉన్నాయి.,fixed_size,True,True,ok,0.9055907726287842,1.409,22.3695,23.7785
డిమాండ్ టైటిల్స్‌పై ఎక్స్‌బాక్స్ 360 గేమ్‌లు కొన్ని డాలర్ల నుండి పూర్తి ధర $60 MSRP వరకు విస్తృత శ్రేణి ధరలకు అందుబాటులో ఉన్నాయి.,semantic_sentence_boundary,True,True,ok,0.8767591714859009,1.3614,15.3703,16.7317
డిమాండ్ టైటిల్స్‌పై ఎక్స్‌బాక్స్ 360 గేమ్‌లు కొన్ని డాలర్ల నుండి పూర్తి ధర $60 MSRP వరకు విస్తృత శ్రేణి ధరలకు అందుబాటులో ఉన్నాయి.,metadata_aware,True,True,ok,0.8767591714859009,1.2014,16.856,18.0574
మాకు అదే లాభం అవసరం లేదని అతను చెప్పాడు.,fixed_size,True,True,ok,0.441247820854187,1.1076,27.9154,29.023
మాకు అదే లాభం అవసరం లేదని అతను చెప్పాడు.,semantic_sentence_boundary,True,True,ok,0.4670022428035736,1.9681,29.2799,31.248
మాకు అదే లాభం అవసరం లేదని అతను చెప్పాడు.,metadata_aware,True,True,ok,0.35655829310417175,1.5073,22.0944,23.6017
"""உங்கள் கண்ணாடியின் விளிம்பைப் பார்த்தால் ஒரு அழுத்த விழிச்சலை எளிதாகக் கண்டறியலாம்,"" என்றார்.",fixed_size,True,True,ok,0.9858851432800293,1.1376,33.6557,34.7933
"""உங்கள் கண்ணாடியின் விளிம்பைப் பார்த்தால் ஒரு அழுத்த விழிச்சலை எளிதாகக் கண்டறியலாம்,"" என்றார்.",semantic_sentence_boundary,True,True,ok,0.7582398653030396,1.2041,25.1216,26.3257
"""உங்கள் கண்ணாடியின் விளிம்பைப் பார்த்தால் ஒரு அழுத்த விழிச்சலை எளிதாகக் கண்டறியலாம்,"" என்றார்.",metadata_aware,True,True,ok,0.7582398653030396,1.5344,23.1826,24.717
ক্যান্টালুপ জাতীয় ফল জন্মানোর উপায় | ক্যান্টালুপ জাতীয় ফল জন্মানোর নির্দেশিকা।,fixed_size,True,True,ok,0.8065697550773621,1.4091,37.0531,38.4622
ক্যান্টালুপ জাতীয় ফল জন্মানোর উপায় | ক্যান্টালুপ জাতীয় ফল জন্মানোর নির্দেশিকা।,semantic_sentence_boundary,True,True,ok,0.7976534962654114,1.1067,27.2455,28.3522
ক্যান্টালুপ জাতীয় ফল জন্মানোর উপায় | ক্যান্টালুপ জাতীয় ফল জন্মানোর নির্দেশিকা।,metadata_aware,True,True,ok,0.7976534962654114,1.0308,24.4083,25.4391
"स्टबहब के निगम मुख्यालय के लिए 1-800 फोन नंबर, ईमेल और कार्यालय पते के साथ सर्वोत्तम संपर्क जानकारी।",fixed_size,True,True,ok,0.8699753880500793,1.2622,30.6437,31.9059
"स्टबहब के निगम मुख्यालय के लिए 1-800 फोन नंबर, ईमेल और कार्यालय पते के साथ सर्वोत्तम संपर्क जानकारी।",semantic_sentence_boundary,True,True,ok,0.8699753880500793,1.6722,24.6483,26.3205
"स्टबहब के निगम मुख्यालय के लिए 1-800 फोन नंबर, ईमेल और कार्यालय पते के साथ सर्वोत्तम संपर्क जानकारी।",metadata_aware,True,True,ok,0.8699753880500793,1.3005,31.6421,32.9426
মৌলিক ঘাড়,fixed_size,True,True,ok,0.363478422164917,0.9369,36.1177,37.0546
মৌলিক ঘাড়,semantic_sentence_boundary,True,True,ok,0.3557036519050598,0.8979,22.0075,22.9054
মৌলিক ঘাড়,metadata_aware,True,True,ok,0.3557036519050598,0.9685,24.5133,25.4818
இது நீங்கள் ஆன்லைனில் ஆர்டர் செய்யக்கூடிய மிகப்பெரிய அளவு.,fixed_size,True,True,ok,0.6240615844726562,1.1046,34.6497,35.7543
இது நீங்கள் ஆன்லைனில் ஆர்டர் செய்யக்கூடிய மிகப்பெரிய அளவு.,semantic_sentence_boundary,True,True,ok,0.5610976219177246,1.1005,24.0762,25.1767
இது நீங்கள் ஆன்லைனில் ஆர்டர் செய்யக்கூடிய மிகப்பெரிய அளவு.,metadata_aware,True,True,ok,0.4858691990375519,1.6246,23.9522,25.5768
स्टेरॉयड रिसेप्टर्स - टी.एफ.,fixed_size,True,True,ok,0.5147844552993774,0.9789,35.3197,36.2986
स्टेरॉयड रिसेप्टर्स - टी.एफ.,semantic_sentence_boundary,True,True,ok,0.48592764139175415,0.9235,24.0999,25.0234
स्टेरॉयड रिसेप्टर्स - टी.एफ.,metadata_aware,True,True,ok,0.48592764139175415,0.9439,20.6769,21.6208
జన్యువులో ఏది మూలం,fixed_size,True,False,top_score_below_threshold (0.198 < 0.28),0.1977321058511734,1.0249,29.7988,30.8237
జన్యువులో ఏది మూలం,semantic_sentence_boundary,True,False,top_score_below_threshold (0.202 < 0.28),0.20150958001613617,0.9259,23.5916,24.5175
జన్యువులో ఏది మూలం,metadata_aware,True,False,top_score_below_threshold (0.197 < 0.28),0.1968686580657959,1.1611,23.3089,24.47
ক: বোনিভা (ইব্যান্ড্রোনেট সোডিয়াম) হল একটি প্রেসক্রিপশন ওষুধ যা ঋতুজরার পরবর্তী মহিলাদের অস্টিওপোরোসিসের চিকিৎসা এবং প্রতিরোধ উভয় ক্ষেত্রেই ব্যবহৃত হয়।,fixed_size,True,True,ok,0.8689641952514648,1.4093,32.7331,34.1424
ক: বোনিভা (ইব্যান্ড্রোনেট সোডিয়াম) হল একটি প্রেসক্রিপশন ওষুধ যা ঋতুজরার পরবর্তী মহিলাদের অস্টিওপোরোসিসের চিকিৎসা এবং প্রতিরোধ উভয় ক্ষেত্রেই ব্যবহৃত হয়।,semantic_sentence_boundary,True,True,ok,0.8514775037765503,1.3453,24.8066,26.1519
ক: বোনিভা (ইব্যান্ড্রোনেট সোডিয়াম) হল একটি প্রেসক্রিপশন ওষুধ যা ঋতুজরার পরবর্তী মহিলাদের অস্টিওপোরোসিসের চিকিৎসা এবং প্রতিরোধ উভয় ক্ষেত্রেই ব্যবহৃত হয়।,metadata_aware,True,True,ok,0.8514775037765503,1.4894,25.3351,26.8245
கிறிஸ்டி டி'சூரில்லா தொடர்பாளர்.,fixed_size,True,True,ok,0.38173937797546387,1.0738,35.6786,36.7524
கிறிஸ்டி டி'சூரில்லா தொடர்பாளர்.,semantic_sentence_boundary,True,True,ok,0.30263832211494446,1.0803,24.6807,25.761
கிறிஸ்டி டி'சூரில்லா தொடர்பாளர்.,metadata_aware,True,True,ok,0.30263832211494446,1.9646,22.1118,24.0764
औद्योगिक आयोग के पास दंत चिकित्सकों द्वारा उपयोग के लिए एक विशेष बिल फॉर्म है।,fixed_size,True,True,ok,0.7404761910438538,1.1131,32.8652,33.9783
औद्योगिक आयोग के पास दंत चिकित्सकों द्वारा उपयोग के लिए एक विशेष बिल फॉर्म है।,semantic_sentence_boundary,True,True,ok,0.7689642906188965,1.4557,32.2042,33.6599
औद्योगिक आयोग के पास दंत चिकित्सकों द्वारा उपयोग के लिए एक विशेष बिल फॉर्म है।,metadata_aware,True,True,ok,0.7689642906188965,1.1905,24.3505,25.541
"আপনার শুধুমাত্র প্রশাসক এবং পেশাদার ভূমিকার জন্য আমার কাজের দিনকে সক্ষম করা উচিত, কর্মচারী স্ব-পরিষেবা বা ব্যবস্থাপক স্ব-পরিষেবার জন্য নয়।",fixed_size,True,True,ok,0.7069875001907349,1.2654,32.8308,34.0962
"আপনার শুধুমাত্র প্রশাসক এবং পেশাদার ভূমিকার জন্য আমার কাজের দিনকে সক্ষম করা উচিত, কর্মচারী স্ব-পরিষেবা বা ব্যবস্থাপক স্ব-পরিষেবার জন্য নয়।",semantic_sentence_boundary,True,True,ok,0.8048449754714966,0.8052,25.1031,25.9083
"আপনার শুধুমাত্র প্রশাসক এবং পেশাদার ভূমিকার জন্য আমার কাজের দিনকে সক্ষম করা উচিত, কর্মচারী স্ব-পরিষেবা বা ব্যবস্থাপক স্ব-পরিষেবার জন্য নয়।",metadata_aware,True,True,ok,0.8048449754714966,1.1831,26.8336,28.0167
எந்த சமூக அறிவியலிலும் கலாச்சாரத்திற்கு ஒரு தெளிவான வரையறை இல்லை.,fixed_size,True,True,ok,0.6869348287582397,1.279,34.318,35.597
எந்த சமூக அறிவியலிலும் கலாச்சாரத்திற்கு ஒரு தெளிவான வரையறை இல்லை.,semantic_sentence_boundary,True,True,ok,0.9133399724960327,1.5001,22.2575,23.7576
எந்த சமூக அறிவியலிலும் கலாச்சாரத்திற்கு ஒரு தெளிவான வரையறை இல்லை.,metadata_aware,True,True,ok,0.6018377542495728,1.0727,22.4425,23.5152
"ஒரு படக் கோப்பின் சேதமடைந்த தம்ப்நெயிலைப் பழுதுபார்க்க வேண்டும் என்றால், தம்ப்நெயில் கோப்புகளை நீக்க வேண்டும்.",fixed_size,True,True,ok,0.9262416958808899,1.0938,33.1806,34.2744
"ஒரு படக் கோப்பின் சேதமடைந்த தம்ப்நெயிலைப் பழுதுபார்க்க வேண்டும் என்றால், தம்ப்நெயில் கோப்புகளை நீக்க வேண்டும்.",semantic_sentence_boundary,True,True,ok,1.000000238418579,0.7396,21.8676,22.6072
"ஒரு படக் கோப்பின் சேதமடைந்த தம்ப்நெயிலைப் பழுதுபார்க்க வேண்டும் என்றால், தம்ப்நெயில் கோப்புகளை நீக்க வேண்டும்.",metadata_aware,True,True,ok,0.7951368689537048,1.6991,21.27,22.9691
"হেলিক্স-টার্ন-হেলিক্স মোটিফটি বর্ণনা করে – দুটি α-হেলিসের একটি বিন্যাস যা একটি সাইট গঠন করে যা ডিএনএ-তে আবদ্ধ হয়, একটি ডিএনএ-এর প্রধান খাঁজে ফিট করে এবং অন্যটি এর জুড়ে অবস্থিত।",fixed_size,True,True,ok,0.9960846304893494,1.2531,34.6315,35.8846
"হেলিক্স-টার্ন-হেলিক্স মোটিফটি বর্ণনা করে – দুটি α-হেলিসের একটি বিন্যাস যা একটি সাইট গঠন করে যা ডিএনএ-তে আবদ্ধ হয়, একটি ডিএনএ-এর প্রধান খাঁজে ফিট করে এবং অন্যটি এর জুড়ে অবস্থিত।",semantic_sentence_boundary,True,True,ok,1.0000001192092896,1.3846,31.7989,33.1835
"হেলিক্স-টার্ন-হেলিক্স মোটিফটি বর্ণনা করে – দুটি α-হেলিসের একটি বিন্যাস যা একটি সাইট গঠন করে যা ডিএনএ-তে আবদ্ধ হয়, একটি ডিএনএ-এর প্রধান খাঁজে ফিট করে এবং অন্যটি এর জুড়ে অবস্থিত।",metadata_aware,True,True,ok,1.0000001192092896,1.2413,22.8481,24.0894
"14 నిమిషాల 'బూట్‌లెగ్' చిత్రంలో ఒక ముఖం మరియు రోబోటిక్-లింబ్డ్ జేమ్స్ వాన్ డెర్ బీక్ ఒక దుర్మార్గపు మాజీ రెడ్ రేంజర్‌గా నటించాడు, మిగిలిన బృందం దారుణంగా చంపబడిన తర్వాత పవర్ రేంజర్స్ యొక్క చివరి మనుగడ సభ్యుడిని విచారిస్తుంది.",fixed_size,True,True,ok,0.9917594194412231,0.8629,33.5101,34.373
"14 నిమిషాల 'బూట్‌లెగ్' చిత్రంలో ఒక ముఖం మరియు రోబోటిక్-లింబ్డ్ జేమ్స్ వాన్ డెర్ బీక్ ఒక దుర్మార్గపు మాజీ రెడ్ రేంజర్‌గా నటించాడు, మిగిలిన బృందం దారుణంగా చంపబడిన తర్వాత పవర్ రేంజర్స్ యొక్క చివరి మనుగడ సభ్యుడిని విచారిస్తుంది.",semantic_sentence_boundary,True,True,ok,0.9999999403953552,1.3326,22.7319,24.0645
"14 నిమిషాల 'బూట్‌లెగ్' చిత్రంలో ఒక ముఖం మరియు రోబోటిక్-లింబ్డ్ జేమ్స్ వాన్ డెర్ బీక్ ఒక దుర్మార్గపు మాజీ రెడ్ రేంజర్‌గా నటించాడు, మిగిలిన బృందం దారుణంగా చంపబడిన తర్వాత పవర్ రేంజర్స్ యొక్క చివరి మనుగడ సభ్యుడిని విచారిస్తుంది.",metadata_aware,True,True,ok,0.9999999403953552,1.3581,22.926,24.2841
সাধারণত তরমুজের পরিপক্কতা পেতে ৭৫-৯০ দিন সময় লাগে।,fixed_size,True,True,ok,0.6829878091812134,1.3306,35.2429,36.5735
সাধারণত তরমুজের পরিপক্কতা পেতে ৭৫-৯০ দিন সময় লাগে।,semantic_sentence_boundary,True,True,ok,0.6630563139915466,1.0395,24.3765,25.416
সাধারণত তরমুজের পরিপক্কতা পেতে ৭৫-৯০ দিন সময় লাগে।,metadata_aware,True,True,ok,0.6630563139915466,1.2348,22.6003,23.8351
"यदि तनाव बहुत अधिक हो जाता है, तो गर्मी में कांच बहुत फैल जाता है या ठंड में सिकुड़ जाता है, तो यह दरार कर सकता है, ""पेला कॉर्पोरेशन के इंजीनियर जॉन मैटुसेव्स्की ने कहा, ""तनाव दरारें अक्सर इमारत के वास्तुशिल्प डिजाइन का एक कार्य होती हैं, जितना कि आपकी खिड़की में कांच होता है।""",fixed_size,True,True,ok,0.9273276925086975,1.4322,29.4756,30.9078
"यदि तनाव बहुत अधिक हो जाता है, तो गर्मी में कांच बहुत फैल जाता है या ठंड में सिकुड़ जाता है, तो यह दरार कर सकता है, ""पेला कॉर्पोरेशन के इंजीनियर जॉन मैटुसेव्स्की ने कहा, ""तनाव दरारें अक्सर इमारत के वास्तुशिल्प डिजाइन का एक कार्य होती हैं, जितना कि आपकी खिड़की में कांच होता है।""",semantic_sentence_boundary,True,True,ok,1.0,1.3244,16.9504,18.2748
"यदि तनाव बहुत अधिक हो जाता है, तो गर्मी में कांच बहुत फैल जाता है या ठंड में सिकुड़ जाता है, तो यह दरार कर सकता है, ""पेला कॉर्पोरेशन के इंजीनियर जॉन मैटुसेव्स्की ने कहा, ""तनाव दरारें अक्सर इमारत के वास्तुशिल्प डिजाइन का एक कार्य होती हैं, जितना कि आपकी खिड़की में कांच होता है।""",metadata_aware,True,True,ok,1.0,1.1836,15.1664,16.35
"ఇప్పటికే ఫోసామాక్స్, బోనివా లేదా ఇతర బిస్ఫాస్ఫోనేట్లు తీసుకునే ఆస్టియోపొరోసిస్ ఉన్నవారికి, ఐదేళ్ల వాడకం తర్వాత ""డ్రగ్ హాలిడే"" తీసుకోవడం గురించి ఆలోచించండి.",fixed_size,True,True,ok,1.0,1.8081,18.7094,20.5175
"ఇప్పటికే ఫోసామాక్స్, బోనివా లేదా ఇతర బిస్ఫాస్ఫోనేట్లు తీసుకునే ఆస్టియోపొరోసిస్ ఉన్నవారికి, ఐదేళ్ల వాడకం తర్వాత ""డ్రగ్ హాలిడే"" తీసుకోవడం గురించి ఆలోచించండి.",semantic_sentence_boundary,True,True,ok,1.0,1.4598,26.2715,27.7313
"ఇప్పటికే ఫోసామాక్స్, బోనివా లేదా ఇతర బిస్ఫాస్ఫోనేట్లు తీసుకునే ఆస్టియోపొరోసిస్ ఉన్నవారికి, ఐదేళ్ల వాడకం తర్వాత ""డ్రగ్ హాలిడే"" తీసుకోవడం గురించి ఆలోచించండి.",metadata_aware,True,True,ok,1.0,1.8093,20.4806,22.2899
শার্ক ট্যাঙ্কের অর্থ প্রত্যাখ্যান করার ফলে কোম্পানির কোনও ক্ষতি হয়নি বলে মনে হয়: মুর ২০১৪ সালে সিএনবিসি-কে বলেছিলেন যে ফার্স্ট ডিফেন্স নাসাল স্ক্রিন এখন বিশ্বের ৩০টি দেশে বিক্রি হয় এবং দুটি পেটেন্টের অধীনে সুরক্ষিত (আরও অনেক বাকি আছে)।,fixed_size,True,True,ok,0.9762427806854248,1.6157,38.2219,39.8376
শার্ক ট্যাঙ্কের অর্থ প্রত্যাখ্যান করার ফলে কোম্পানির কোনও ক্ষতি হয়নি বলে মনে হয়: মুর ২০১৪ সালে সিএনবিসি-কে বলেছিলেন যে ফার্স্ট ডিফেন্স নাসাল স্ক্রিন এখন বিশ্বের ৩০টি দেশে বিক্রি হয় এবং দুটি পেটেন্টের অধীনে সুরক্ষিত (আরও অনেক বাকি আছে)।,semantic_sentence_boundary,True,True,ok,0.9999999403953552,1.3939,26.2198,27.6137
শার্ক ট্যাঙ্কের অর্থ প্রত্যাখ্যান করার ফলে কোম্পানির কোনও ক্ষতি হয়নি বলে মনে হয়: মুর ২০১৪ সালে সিএনবিসি-কে বলেছিলেন যে ফার্স্ট ডিফেন্স নাসাল স্ক্রিন এখন বিশ্বের ৩০টি দেশে বিক্রি হয় এবং দুটি পেটেন্টের অধীনে সুরক্ষিত (আরও অনেক বাকি আছে)।,metadata_aware,True,True,ok,0.9999999403953552,1.5009,28.0228,29.5237
2 कैथी प्रेस्ट - 1977 की कक्षा - बास्केटबॉल।,fixed_size,True,True,ok,0.7407307028770447,1.3145,43.0506,44.3651
2 कैथी प्रेस्ट - 1977 की कक्षा - बास्केटबॉल।,semantic_sentence_boundary,True,True,ok,0.7175370454788208,1.1092,30.6503,31.7595
2 कैथी प्रेस्ट - 1977 की कक्षा - बास्केटबॉल।,metadata_aware,True,True,ok,0.7175370454788208,0.9602,22.5177,23.4779
विकिपीडिया पृष्ठ इमानदारी के बारे में यहाँ उपयोगी है।,fixed_size,True,True,ok,0.5504175424575806,1.3657,31.9175,33.2832
विकिपीडिया पृष्ठ इमानदारी के बारे में यहाँ उपयोगी है।,semantic_sentence_boundary,True,True,ok,0.5541930198669434,1.9958,21.6386,23.6344
विकिपीडिया पृष्ठ इमानदारी के बारे में यहाँ उपयोगी है।,metadata_aware,True,True,ok,0.5541930198669434,1.1952,18.6683,19.8635
இந்தத் தம்பதியினருக்கு இரண்டு குழந்தைகள் இருந்தனர்.,fixed_size,True,True,ok,0.6738289594650269,1.4512,32.4103,33.8615
இந்தத் தம்பதியினருக்கு இரண்டு குழந்தைகள் இருந்தனர்.,semantic_sentence_boundary,True,True,ok,0.6062514781951904,1.8453,23.4397,25.285
இந்தத் தம்பதியினருக்கு இரண்டு குழந்தைகள் இருந்தனர்.,metadata_aware,True,True,ok,0.6062514781951904,0.8168,22.2374,23.0542
இரண்டாம் நிலைக் கல்வியில் சேர தாமதமாக நுழைந்த இளங்கலைப் பட்டம் பெற்றவர்கள் 80 மாதங்கள் என்ற சராசரி காலத்தைக் கொண்டிருந்தனர்.,fixed_size,True,True,ok,0.8962360620498657,1.166,34.3001,35.4661
இரண்டாம் நிலைக் கல்வியில் சேர தாமதமாக நுழைந்த இளங்கலைப் பட்டம் பெற்றவர்கள் 80 மாதங்கள் என்ற சராசரி காலத்தைக் கொண்டிருந்தனர்.,semantic_sentence_boundary,True,True,ok,0.9290615320205688,1.2519,29.9338,31.1857
இரண்டாம் நிலைக் கல்வியில் சேர தாமதமாக நுழைந்த இளங்கலைப் பட்டம் பெற்றவர்கள் 80 மாதங்கள் என்ற சராசரி காலத்தைக் கொண்டிருந்தனர்.,metadata_aware,True,True,ok,0.9290615320205688,1.2369,22.8039,24.0408
2 मानक यूट्यूब लाइसेंस।,fixed_size,True,True,ok,0.49464982748031616,0.9716,34.1476,35.1192
2 मानक यूट्यूब लाइसेंस।,semantic_sentence_boundary,True,True,ok,0.6911571025848389,0.9845,30.7671,31.7516
2 मानक यूट्यूब लाइसेंस।,metadata_aware,True,True,ok,0.6911571025848389,0.9702,27.2044,28.1746
"खरीदार और विक्रेता खेल, संगीत कार्यक्रम, थिएटर और अन्य लाइव इवेंट के टिकटों का आदान-प्रदान करते हैं।",fixed_size,True,True,ok,0.7020043730735779,1.4158,37.1474,38.5632
"खरीदार और विक्रेता खेल, संगीत कार्यक्रम, थिएटर और अन्य लाइव इवेंट के टिकटों का आदान-प्रदान करते हैं।",semantic_sentence_boundary,True,True,ok,0.7020043730735779,1.6397,24.9514,26.5911
"खरीदार और विक्रेता खेल, संगीत कार्यक्रम, थिएटर और अन्य लाइव इवेंट के टिकटों का आदान-प्रदान करते हैं।",metadata_aware,True,True,ok,0.7020043730735779,1.3467,22.2545,23.6012
"சராசரியாக உட்டா ஆண்டுக்கு சுமார் 9,000 கிலோவாட் மணி நேரத்திற்கு மின்சாரத்தைப் பயன்படுத்துகிறது, மேலும் 6.4 கிலோவாட் அமைப்பு 100% பயன்பாட்டை உள்ளடக்கியது.",fixed_size,True,True,ok,0.9188156723976135,1.6595,36.7656,38.4251
"சராசரியாக உட்டா ஆண்டுக்கு சுமார் 9,000 கிலோவாட் மணி நேரத்திற்கு மின்சாரத்தைப் பயன்படுத்துகிறது, மேலும் 6.4 கிலோவாட் அமைப்பு 100% பயன்பாட்டை உள்ளடக்கியது.",semantic_sentence_boundary,True,True,ok,0.9074339866638184,1.4708,21.8118,23.2826
"சராசரியாக உட்டா ஆண்டுக்கு சுமார் 9,000 கிலோவாட் மணி நேரத்திற்கு மின்சாரத்தைப் பயன்படுத்துகிறது, மேலும் 6.4 கிலோவாட் அமைப்பு 100% பயன்பாட்டை உள்ளடக்கியது.",metadata_aware,True,True,ok,0.9074339866638184,1.4091,23.9466,25.3557
"బాసల్ (ఫైలోజెనెటిక్స్) ఈ ఉదాహరణలో క్లేడ్‌లోని ఇచ్చిన ర్యాంక్‌లోని అన్ని ఉన్న వర్గాలను క్లాడోగ్రామ్ యొక్క టెర్మినల్ శాఖలు వివరిస్తాయని భావిస్తున్నారు; లేకపోతే, రేఖాచిత్రం చాలా మోసపూరితంగా ఉండవచ్చు.",fixed_size,True,True,ok,1.0,1.3985,34.4659,35.8644
"బాసల్ (ఫైలోజెనెటిక్స్) ఈ ఉదాహరణలో క్లేడ్‌లోని ఇచ్చిన ర్యాంక్‌లోని అన్ని ఉన్న వర్గాలను క్లాడోగ్రామ్ యొక్క టెర్మినల్ శాఖలు వివరిస్తాయని భావిస్తున్నారు; లేకపోతే, రేఖాచిత్రం చాలా మోసపూరితంగా ఉండవచ్చు.",semantic_sentence_boundary,True,True,ok,1.0,0.9884,25.0375,26.0259
"బాసల్ (ఫైలోజెనెటిక్స్) ఈ ఉదాహరణలో క్లేడ్‌లోని ఇచ్చిన ర్యాంక్‌లోని అన్ని ఉన్న వర్గాలను క్లాడోగ్రామ్ యొక్క టెర్మినల్ శాఖలు వివరిస్తాయని భావిస్తున్నారు; లేకపోతే, రేఖాచిత్రం చాలా మోసపూరితంగా ఉండవచ్చు.",metadata_aware,True,True,ok,1.0,1.5406,24.0087,25.5493
৫ জ্যাকি ট্রেভিস - ২০০৩ সালের ক্লাস - ট্র্যাক এবং ফিল্ড।,fixed_size,True,True,ok,0.7841925621032715,1.2111,35.17,36.3811
৫ জ্যাকি ট্রেভিস - ২০০৩ সালের ক্লাস - ট্র্যাক এবং ফিল্ড।,semantic_sentence_boundary,True,True,ok,0.8278336524963379,1.1545,29.0299,30.1844
৫ জ্যাকি ট্রেভিস - ২০০৩ সালের ক্লাস - ট্র্যাক এবং ফিল্ড।,metadata_aware,True,True,ok,0.8278336524963379,1.0315,26.514,27.5455
2.,fixed_size,True,False,top_score_below_threshold (0.187 < 0.28),0.18711338937282562,0.9085,33.281,34.1895
2.,semantic_sentence_boundary,True,False,top_score_below_threshold (0.162 < 0.28),0.1618499457836151,0.9001,25.6621,26.5622
2.,metadata_aware,True,False,top_score_below_threshold (0.210 < 0.28),0.20975613594055176,0.9304,25.3476,26.278
ஓவனை அணைத்து மூலிகைகள் நிரப்பப்பட்ட கிண்ணத்தை ஓவனில் 24 மணி நேரம் வெளியில் வைக்கவும்.,fixed_size,True,True,ok,0.7103495597839355,0.9429,35.4918,36.4347
ஓவனை அணைத்து மூலிகைகள் நிரப்பப்பட்ட கிண்ணத்தை ஓவனில் 24 மணி நேரம் வெளியில் வைக்கவும்.,semantic_sentence_boundary,True,True,ok,0.7830997705459595,1.302,25.5683,26.8703
ஓவனை அணைத்து மூலிகைகள் நிரப்பப்பட்ட கிண்ணத்தை ஓவனில் 24 மணி நேரம் வெளியில் வைக்கவும்.,metadata_aware,True,True,ok,0.735405683517456,1.4705,23.3598,24.8303
মানুষের জনসংখ্যা দ্রুত বৃদ্ধি পাচ্ছে এবং পৃথিবীর সীমিত সম্পদ যেমন জীবাশ্ম জ্বালানি ও খনিজ পদার্থগুলিকে প্রসারিত করছে।,fixed_size,True,True,ok,0.8865982294082642,1.3846,35.9137,37.2983
মানুষের জনসংখ্যা দ্রুত বৃদ্ধি পাচ্ছে এবং পৃথিবীর সীমিত সম্পদ যেমন জীবাশ্ম জ্বালানি ও খনিজ পদার্থগুলিকে প্রসারিত করছে।,semantic_sentence_boundary,True,True,ok,0.8865982294082642,1.2968,26.7036,28.0004
মানুষের জনসংখ্যা দ্রুত বৃদ্ধি পাচ্ছে এবং পৃথিবীর সীমিত সম্পদ যেমন জীবাশ্ম জ্বালানি ও খনিজ পদার্থগুলিকে প্রসারিত করছে।,metadata_aware,True,True,ok,0.8865982294082642,1.1695,26.1602,27.3297
"3 எனக்கு 6 பற்கள் தேவை, என் பல் மருத்துவர் ஒரு பற்களுக்கு 1,000 என்று கூறினார்.",fixed_size,True,True,ok,0.7658775448799133,1.4616,36.9517,38.4133
"3 எனக்கு 6 பற்கள் தேவை, என் பல் மருத்துவர் ஒரு பற்களுக்கு 1,000 என்று கூறினார்.",semantic_sentence_boundary,True,True,ok,0.8138266801834106,1.2462,23.8038,25.05
"3 எனக்கு 6 பற்கள் தேவை, என் பல் மருத்துவர் ஒரு பற்களுக்கு 1,000 என்று கூறினார்.",metadata_aware,True,True,ok,0.8032477498054504,0.757,14.5805,15.3375
ఇది శరీరంలోని ఇతర భాగాలకు క్యాన్సర్ వ్యాప్తి చెందకుండా నిరోధించడానికి తల లేదా మెడ ప్రాంతంలోని క్యాన్సర్ కణజాలాలు లేదా పెరుగుదలను తొలగించడానికి నిర్వహించబడుతుంది.,fixed_size,True,True,ok,0.8512831926345825,0.8672,23.4034,24.2706
ఇది శరీరంలోని ఇతర భాగాలకు క్యాన్సర్ వ్యాప్తి చెందకుండా నిరోధించడానికి తల లేదా మెడ ప్రాంతంలోని క్యాన్సర్ కణజాలాలు లేదా పెరుగుదలను తొలగించడానికి నిర్వహించబడుతుంది.,semantic_sentence_boundary,True,True,ok,0.7962903380393982,0.7998,12.9505,13.7503
ఇది శరీరంలోని ఇతర భాగాలకు క్యాన్సర్ వ్యాప్తి చెందకుండా నిరోధించడానికి తల లేదా మెడ ప్రాంతంలోని క్యాన్సర్ కణజాలాలు లేదా పెరుగుదలను తొలగించడానికి నిర్వహించబడుతుంది.,metadata_aware,True,True,ok,0.7962903380393982,1.2768,16.8452,18.122
"एक्सबॉक्स मूल्य मार्गदर्शिका को मूल्य, शैली और अधिक गेम डेटा के साथ डाउनलोड करें।",fixed_size,True,True,ok,0.8775039315223694,0.7309,16.6598,17.3907
"एक्सबॉक्स मूल्य मार्गदर्शिका को मूल्य, शैली और अधिक गेम डेटा के साथ डाउनलोड करें।",semantic_sentence_boundary,True,True,ok,0.9779201745986938,0.7413,17.8856,18.6269
"एक्सबॉक्स मूल्य मार्गदर्शिका को मूल्य, शैली और अधिक गेम डेटा के साथ डाउनलोड करें।",metadata_aware,True,True,ok,0.9779201745986938,0.7388,11.996,12.7348
ఏది అందుబాటులో ఉండవచ్చో పూర్తి జాబితా కోసం ప్రత్యేక డీల్స్ మరియు ఆఫర్ల విభాగాన్ని చూడండి.,fixed_size,True,True,ok,0.6924013495445251,0.7767,31.513,32.2897
ఏది అందుబాటులో ఉండవచ్చో పూర్తి జాబితా కోసం ప్రత్యేక డీల్స్ మరియు ఆఫర్ల విభాగాన్ని చూడండి.,semantic_sentence_boundary,True,True,ok,0.6862888932228088,1.1217,28.7603,29.882
ఏది అందుబాటులో ఉండవచ్చో పూర్తి జాబితా కోసం ప్రత్యేక డీల్స్ మరియు ఆఫర్ల విభాగాన్ని చూడండి.,metadata_aware,True,True,ok,0.6862888932228088,1.3651,24.8171,26.1822
2 தரநிலை யூடியூப் உரிமம்.,fixed_size,True,True,ok,0.43354952335357666,0.9606,37.2193,38.1799
2 தரநிலை யூடியூப் உரிமம்.,semantic_sentence_boundary,True,True,ok,0.6144818067550659,1.0178,35.0768,36.0946
2 தரநிலை யூடியூப் உரிமம்.,metadata_aware,True,True,ok,1.0,1.1093,29.5396,30.6489
मनमानी को किसी ऐसी चीज़ के रूप में परिभाषित किया जाता है जो निर्णय या सनक से निर्धारित होती है और किसी विशिष्ट कारण या नियम के लिए नहीं।,fixed_size,True,True,ok,0.8767040967941284,1.2363,30.9826,32.2189
मनमानी को किसी ऐसी चीज़ के रूप में परिभाषित किया जाता है जो निर्णय या सनक से निर्धारित होती है और किसी विशिष्ट कारण या नियम के लिए नहीं।,semantic_sentence_boundary,True,True,ok,0.8640872836112976,2.2917,27.1833,29.475
मनमानी को किसी ऐसी चीज़ के रूप में परिभाषित किया जाता है जो निर्णय या सनक से निर्धारित होती है और किसी विशिष्ट कारण या नियम के लिए नहीं।,metadata_aware,True,True,ok,0.8640872836112976,1.5015,24.6298,26.1313
"वह शायद ईमानदारी के साथ भी काम कर रहा है, यह सुनिश्चित करता है कि वह जो संख्या दर्ज कराता है वह सही है।",fixed_size,True,True,ok,0.9065605401992798,1.9063,38.2474,40.1537
"वह शायद ईमानदारी के साथ भी काम कर रहा है, यह सुनिश्चित करता है कि वह जो संख्या दर्ज कराता है वह सही है।",semantic_sentence_boundary,True,True,ok,1.0,1.1243,25.7499,26.8742
"वह शायद ईमानदारी के साथ भी काम कर रहा है, यह सुनिश्चित करता है कि वह जो संख्या दर्ज कराता है वह सही है।",metadata_aware,True,True,ok,1.0,1.7663,19.9846,21.7509
"நிறுவன ரீதியான கட்டுப்பாட்டின் படி, பொது நிறுவனங்களில் பட்டம் பெறும் போது பட்டம் பெறுபவர்களுக்கு 55 மாதங்கள், தனியார் இலாப நோக்கற்ற நிறுவனங்களில் பட்டம் பெறுபவர்களுக்கு 45 மாதங்கள் மற்றும் தனியார் லாப நிறுவனங்களில் பட்டம் பெறுபவர்களுக்கு 103 மாதங்கள் என இந்த கால அளவு மதிப்பெண்கள் வழங்கப்பட்டன.",fixed_size,True,True,ok,0.9603944420814514,1.5002,32.7864,34.2866
"நிறுவன ரீதியான கட்டுப்பாட்டின் படி, பொது நிறுவனங்களில் பட்டம் பெறும் போது பட்டம் பெறுபவர்களுக்கு 55 மாதங்கள், தனியார் இலாப நோக்கற்ற நிறுவனங்களில் பட்டம் பெறுபவர்களுக்கு 45 மாதங்கள் மற்றும் தனியார் லாப நிறுவனங்களில் பட்டம் பெறுபவர்களுக்கு 103 மாதங்கள் என இந்த கால அளவு மதிப்பெண்கள் வழங்கப்பட்டன.",semantic_sentence_boundary,True,True,ok,1.0000001192092896,1.7767,23.8807,25.6574
"நிறுவன ரீதியான கட்டுப்பாட்டின் படி, பொது நிறுவனங்களில் பட்டம் பெறும் போது பட்டம் பெறுபவர்களுக்கு 55 மாதங்கள், தனியார் இலாப நோக்கற்ற நிறுவனங்களில் பட்டம் பெறுபவர்களுக்கு 45 மாதங்கள் மற்றும் தனியார் லாப நிறுவனங்களில் பட்டம் பெறுபவர்களுக்கு 103 மாதங்கள் என இந்த கால அளவு மதிப்பெண்கள் வழங்கப்பட்டன.",metadata_aware,True,True,ok,1.0000001192092896,1.5836,20.8447,22.4283
यांत्रिक बलों में निकटवर्ती निर्माण या अन्य पर्यावरणीय कारकों के कारण खिड़की के फ्रेम की हवा या झुकाव शामिल है।,fixed_size,True,True,ok,0.7916079163551331,0.7875,15.8444,16.6319
यांत्रिक बलों में निकटवर्ती निर्माण या अन्य पर्यावरणीय कारकों के कारण खिड़की के फ्रेम की हवा या झुकाव शामिल है।,semantic_sentence_boundary,True,True,ok,0.7911863923072815,0.7417,10.3371,11.0788
यांत्रिक बलों में निकटवर्ती निर्माण या अन्य पर्यावरणीय कारकों के कारण खिड़की के फ्रेम की हवा या झुकाव शामिल है।,metadata_aware,True,True,ok,0.7911863923072815,0.813,12.8225,13.6355
"या, एक वर्ष (365 दिनों) के दौरान लगभग 3,650 किलोवाट प्रति घंटे।",fixed_size,True,True,ok,0.9100626707077026,0.8886,14.6955,15.5841
"या, एक वर्ष (365 दिनों) के दौरान लगभग 3,650 किलोवाट प्रति घंटे।",semantic_sentence_boundary,True,True,ok,0.724992036819458,0.6347,10.7173,11.352
"या, एक वर्ष (365 दिनों) के दौरान लगभग 3,650 किलोवाट प्रति घंटे।",metadata_aware,True,True,ok,0.724992036819458,0.7204,9.6362,10.3566
एन.एफ.एल.,fixed_size,True,True,ok,0.437366247177124,0.568,13.5974,14.1654
एन.एफ.एल.,semantic_sentence_boundary,True,True,ok,0.437366247177124,0.5665,11.1622,11.7287
एन.एफ.एल.,metadata_aware,True,True,ok,0.437366247177124,0.6618,10.1688,10.8306
బార్టర్ ఎక్స్ఛేంజ్ యొక్క ప్రధాన పరిమితులు: 1.,fixed_size,True,True,ok,0.550024151802063,0.6364,14.8218,15.4582
బార్టర్ ఎక్స్ఛేంజ్ యొక్క ప్రధాన పరిమితులు: 1.,semantic_sentence_boundary,True,True,ok,0.5521566867828369,0.7873,14.3658,15.1531
బార్టర్ ఎక్స్ఛేంజ్ యొక్క ప్రధాన పరిమితులు: 1.,metadata_aware,True,True,ok,0.37855082750320435,0.6743,9.9019,10.5762
"जैसा कि मौजूदा स्थिति है, ट्रम्प अभियान की जांच के लिए जिम्मेदार तीनों व्यक्ति रिपब्लिकन हैं, और तीनों में से दो ट्रम्प के कट्टर समर्थक हैं।",fixed_size,True,True,ok,0.8824958801269531,0.7433,16.1959,16.9392
"जैसा कि मौजूदा स्थिति है, ट्रम्प अभियान की जांच के लिए जिम्मेदार तीनों व्यक्ति रिपब्लिकन हैं, और तीनों में से दो ट्रम्प के कट्टर समर्थक हैं।",semantic_sentence_boundary,True,True,ok,0.856160581111908,1.2234,14.396,15.6194
"जैसा कि मौजूदा स्थिति है, ट्रम्प अभियान की जांच के लिए जिम्मेदार तीनों व्यक्ति रिपब्लिकन हैं, और तीनों में से दो ट्रम्प के कट्टर समर्थक हैं।",metadata_aware,True,True,ok,0.856160581111908,1.3682,16.3944,17.7626
"ఫ్రాంక్‌ను ఎలా గుర్తుంచుకోవాలని అడిగినప్పుడు, అతని మనసులో తల్లిదండ్రులు అనేది అగ్రస్థానంలో ఉంది.",fixed_size,True,True,ok,0.8991376161575317,1.0033,29.095,30.0983
"ఫ్రాంక్‌ను ఎలా గుర్తుంచుకోవాలని అడిగినప్పుడు, అతని మనసులో తల్లిదండ్రులు అనేది అగ్రస్థానంలో ఉంది.",semantic_sentence_boundary,True,True,ok,0.6591906547546387,1.9887,29.6956,31.6843
"ఫ్రాంక్‌ను ఎలా గుర్తుంచుకోవాలని అడిగినప్పుడు, అతని మనసులో తల్లిదండ్రులు అనేది అగ్రస్థానంలో ఉంది.",metadata_aware,True,True,ok,0.6591906547546387,1.3615,24.3786,25.7401
"27 दिसंबर, 2016 से 14 मई, 2017 तक बिक्री के लिए उपलब्ध है।",fixed_size,True,True,ok,0.6418619751930237,1.0148,31.8798,32.8946
"27 दिसंबर, 2016 से 14 मई, 2017 तक बिक्री के लिए उपलब्ध है।",semantic_sentence_boundary,True,True,ok,0.6207950711250305,1.0155,24.9623,25.9778
"27 दिसंबर, 2016 से 14 मई, 2017 तक बिक्री के लिए उपलब्ध है।",metadata_aware,True,True,ok,0.6207950711250305,1.6043,26.0996,27.7039
"स्नेल स्लाइम, जो गैस्ट्रोपोड्स द्वारा गति के लिए उपयोग किया जाने वाला बलगम है।",fixed_size,True,True,ok,0.7936335206031799,1.1588,32.6249,33.7837
"स्नेल स्लाइम, जो गैस्ट्रोपोड्स द्वारा गति के लिए उपयोग किया जाने वाला बलगम है।",semantic_sentence_boundary,True,True,ok,1.0,1.3404,23.7641,25.1045
"स्नेल स्लाइम, जो गैस्ट्रोपोड्स द्वारा गति के लिए उपयोग किया जाने वाला बलगम है।",metadata_aware,True,True,ok,1.0,1.1844,23.1241,24.3085
"ఆమె తరచుగా తన మితవాద అధికారాలను దుర్వినియోగం చేస్తున్నట్లు, చెల్లని, సరికాని లేదా సంపూర్ణంగా తప్పు కారణాల వల్ల వినియోగదారులను నిషేధించి, అనుచితమైన మరియు కఠినమైన శిక్షలను విధిస్తున్నట్లు ఆరోపించారు.",fixed_size,True,True,ok,0.918096125125885,1.2917,33.8137,35.1054
"ఆమె తరచుగా తన మితవాద అధికారాలను దుర్వినియోగం చేస్తున్నట్లు, చెల్లని, సరికాని లేదా సంపూర్ణంగా తప్పు కారణాల వల్ల వినియోగదారులను నిషేధించి, అనుచితమైన మరియు కఠినమైన శిక్షలను విధిస్తున్నట్లు ఆరోపించారు.",semantic_sentence_boundary,True,True,ok,1.0,1.4851,26.4805,27.9656
"ఆమె తరచుగా తన మితవాద అధికారాలను దుర్వినియోగం చేస్తున్నట్లు, చెల్లని, సరికాని లేదా సంపూర్ణంగా తప్పు కారణాల వల్ల వినియోగదారులను నిషేధించి, అనుచితమైన మరియు కఠినమైన శిక్షలను విధిస్తున్నట్లు ఆరోపించారు.",metadata_aware,True,True,ok,0.8850036263465881,1.5468,22.2766,23.8234
"1 அனைத்து மூலிகைகளையும் சுத்தமான, உலர்ந்த கார்ட் அளவிலான மேசன் ஜாரில் வைக்கவும்.",fixed_size,True,True,ok,0.7596653699874878,1.5713,31.9163,33.4876
"1 அனைத்து மூலிகைகளையும் சுத்தமான, உலர்ந்த கார்ட் அளவிலான மேசன் ஜாரில் வைக்கவும்.",semantic_sentence_boundary,True,True,ok,0.7089350819587708,1.4258,25.4601,26.8859
"1 அனைத்து மூலிகைகளையும் சுத்தமான, உலர்ந்த கார்ட் அளவிலான மேசன் ஜாரில் வைக்கவும்.",metadata_aware,True,True,ok,0.7089350819587708,1.5019,23.7749,25.2768
"వ్యక్తిగత తీర్పు లేదా ప్రాధాన్యతపై ఆధారపడి ఉంటుంది: ఆహారం మొత్తం కెలోరీ పరిమితులను విధిస్తుంది, కానీ రోజువారీ మెనులు అనేది అనుకూలమైనవి.",fixed_size,True,True,ok,0.8296602368354797,1.1675,34.9147,36.0822
"వ్యక్తిగత తీర్పు లేదా ప్రాధాన్యతపై ఆధారపడి ఉంటుంది: ఆహారం మొత్తం కెలోరీ పరిమితులను విధిస్తుంది, కానీ రోజువారీ మెనులు అనేది అనుకూలమైనవి.",semantic_sentence_boundary,True,True,ok,0.7878574132919312,1.2078,24.5226,25.7304
"వ్యక్తిగత తీర్పు లేదా ప్రాధాన్యతపై ఆధారపడి ఉంటుంది: ఆహారం మొత్తం కెలోరీ పరిమితులను విధిస్తుంది, కానీ రోజువారీ మెనులు అనేది అనుకూలమైనవి.",metadata_aware,True,True,ok,0.7847205400466919,2.3231,23.144,25.4671
అబ్బో!,fixed_size,True,False,top_score_below_threshold (0.159 < 0.28),0.15914678573608398,1.6862,36.4467,38.1329
అబ్బో!,semantic_sentence_boundary,True,False,top_score_below_threshold (0.182 < 0.28),0.1822929084300995,1.0037,24.3195,25.3232
అబ్బో!,metadata_aware,True,False,top_score_below_threshold (0.125 < 0.28),0.12522587180137634,0.8865,21.8493,22.7358
3.,fixed_size,True,False,top_score_below_threshold (0.156 < 0.28),0.1555601805448532,1.5165,28.2859,29.8024
3.,semantic_sentence_boundary,True,False,top_score_below_threshold (0.231 < 0.28),0.23133252561092377,0.852,15.0903,15.9423
3.,metadata_aware,True,False,top_score_below_threshold (0.197 < 0.28),0.19676056504249573,0.5826,12.3901,12.9727
వనరులు.,fixed_size,True,True,ok,0.45873725414276123,1.0921,17.5447,18.6368
వనరులు.,semantic_sentence_boundary,True,True,ok,0.4246543049812317,0.7756,13.379,14.1546
వనరులు.,metadata_aware,True,True,ok,0.4246543049812317,0.6319,11.0095,11.6414
"जोसेफ मूर शार्क टैंक के दूसरे सीज़न में अपनी नाक वाले एयर फिल्टर बनाने वाली कंपनी फर्स्ट डिफेंस नैसल स्क्रीन्स के 10 प्रतिशत के लिए 500,000 डॉलर की मांग कर रहे थे।",fixed_size,True,True,ok,1.0,0.8424,17.0956,17.938
"जोसेफ मूर शार्क टैंक के दूसरे सीज़न में अपनी नाक वाले एयर फिल्टर बनाने वाली कंपनी फर्स्ट डिफेंस नैसल स्क्रीन्स के 10 प्रतिशत के लिए 500,000 डॉलर की मांग कर रहे थे।",semantic_sentence_boundary,True,True,ok,1.0,0.8679,12.3887,13.2566
"जोसेफ मूर शार्क टैंक के दूसरे सीज़न में अपनी नाक वाले एयर फिल्टर बनाने वाली कंपनी फर्स्ट डिफेंस नैसल स्क्रीन्स के 10 प्रतिशत के लिए 500,000 डॉलर की मांग कर रहे थे।",metadata_aware,True,True,ok,1.0,0.7983,10.0814,10.8797
ভেষজ তেলের জন্য ডবল বয়লার পদ্ধতি: ভেষজ এবং তেলকে একটি ডবল বয়লারে রাখুন এবং ধীরে ধীরে ফুটতে দিন।,fixed_size,True,True,ok,0.7927334904670715,0.8314,17.6818,18.5132
ভেষজ তেলের জন্য ডবল বয়লার পদ্ধতি: ভেষজ এবং তেলকে একটি ডবল বয়লারে রাখুন এবং ধীরে ধীরে ফুটতে দিন।,semantic_sentence_boundary,True,True,ok,0.7975512742996216,0.7935,12.7949,13.5884
ভেষজ তেলের জন্য ডবল বয়লার পদ্ধতি: ভেষজ এবং তেলকে একটি ডবল বয়লারে রাখুন এবং ধীরে ধীরে ফুটতে দিন।,metadata_aware,True,True,ok,0.7975512742996216,0.8833,13.8467,14.73
"1 vs 8, 2 vs 7, 3 vs 6, 4 vs 5.",fixed_size,True,True,ok,0.7426155209541321,0.7039,14.7511,15.455
"1 vs 8, 2 vs 7, 3 vs 6, 4 vs 5.",semantic_sentence_boundary,True,True,ok,0.48111632466316223,1.0323,12.2415,13.2738
"1 vs 8, 2 vs 7, 3 vs 6, 4 vs 5.",metadata_aware,True,True,ok,0.6552890539169312,0.6942,10.2423,10.9365
"பின்வரும் பக்கங்களில் வாசகர் ரேச்சல் கார்சனின் ""தி ஒப்லிகேஷன் டு எண்டியூர்"" என்ற புத்தகத்தின் எழுதப்பட்ட இலக்கண பகுப்பாய்வைக் காணலாம்.",fixed_size,True,True,ok,0.887357234954834,0.842,15.7241,16.5661
"பின்வரும் பக்கங்களில் வாசகர் ரேச்சல் கார்சனின் ""தி ஒப்லிகேஷன் டு எண்டியூர்"" என்ற புத்தகத்தின் எழுதப்பட்ட இலக்கண பகுப்பாய்வைக் காணலாம்.",semantic_sentence_boundary,True,True,ok,0.8501112461090088,0.9768,11.3768,12.3536
"பின்வரும் பக்கங்களில் வாசகர் ரேச்சல் கார்சனின் ""தி ஒப்லிகேஷன் டு எண்டியூர்"" என்ற புத்தகத்தின் எழுதப்பட்ட இலக்கண பகுப்பாய்வைக் காணலாம்.",metadata_aware,True,True,ok,0.8501112461090088,0.8363,9.6353,10.4716
"பாசல் (மரபியல்) இந்த உதாரணத்தில், கிளேடினுள் ஒரு குறிப்பிட்ட தரத்தின் அனைத்து இருக்கும் வகைகளையும் கிளேடின் முனையில் உள்ள கிளைகள் சித்தரிக்கின்றன என்று கருதப்படுகிறது; இல்லையெனில், வரைபடம் மிகவும் தவறானதாக இருக்கலாம்.",fixed_size,True,True,ok,1.0,1.1056,19.4357,20.5413
"பாசல் (மரபியல்) இந்த உதாரணத்தில், கிளேடினுள் ஒரு குறிப்பிட்ட தரத்தின் அனைத்து இருக்கும் வகைகளையும் கிளேடின் முனையில் உள்ள கிளைகள் சித்தரிக்கின்றன என்று கருதப்படுகிறது; இல்லையெனில், வரைபடம் மிகவும் தவறானதாக இருக்கலாம்.",semantic_sentence_boundary,True,True,ok,1.0,1.0735,10.7362,11.8097
"பாசல் (மரபியல்) இந்த உதாரணத்தில், கிளேடினுள் ஒரு குறிப்பிட்ட தரத்தின் அனைத்து இருக்கும் வகைகளையும் கிளேடின் முனையில் உள்ள கிளைகள் சித்தரிக்கின்றன என்று கருதப்படுகிறது; இல்லையெனில், வரைபடம் மிகவும் தவறானதாக இருக்கலாம்.",metadata_aware,True,True,ok,1.0,0.8529,9.697,10.5499
கேத்தி லீ இணை-தொகுப்பாளர் ஹோடா கோட்பைக்கு அத்தகைய காதல் வாழ்க்கை முன்னாள் ஜெயண்ட்டின் புத்தகத்திலிருந்து வெளியேறியது போல் இருக்கும் என்று கூறினார்.,fixed_size,True,True,ok,0.9334083795547485,0.9434,15.8613,16.8047
கேத்தி லீ இணை-தொகுப்பாளர் ஹோடா கோட்பைக்கு அத்தகைய காதல் வாழ்க்கை முன்னாள் ஜெயண்ட்டின் புத்தகத்திலிருந்து வெளியேறியது போல் இருக்கும் என்று கூறினார்.,semantic_sentence_boundary,True,True,ok,1.0,0.9763,10.3915,11.3678
கேத்தி லீ இணை-தொகுப்பாளர் ஹோடா கோட்பைக்கு அத்தகைய காதல் வாழ்க்கை முன்னாள் ஜெயண்ட்டின் புத்தகத்திலிருந்து வெளியேறியது போல் இருக்கும் என்று கூறினார்.,metadata_aware,True,True,ok,1.0,0.7586,16.1791,16.9377
"स्ट्रुथर्स, ओ.एच.",fixed_size,True,True,ok,0.5697792768478394,0.9969,32.7047,33.7016
"स्ट्रुथर्स, ओ.एच.",semantic_sentence_boundary,True,True,ok,0.5697792768478394,0.9547,27.1558,28.1105
"स्ट्रुथर्स, ओ.एच.",metadata_aware,True,True,ok,0.5697792768478394,1.2872,21.951,23.2382
स्टिपुलेशन और ऑर्डर पर तब तक हस्ताक्षर न करें जब तक आप नोटरी के सामने न हों।,fixed_size,True,True,ok,0.7680554389953613,1.8475,33.6378,35.4853
स्टिपुलेशन और ऑर्डर पर तब तक हस्ताक्षर न करें जब तक आप नोटरी के सामने न हों।,semantic_sentence_boundary,True,True,ok,0.7501480579376221,1.1126,22.9146,24.0272
स्टिपुलेशन और ऑर्डर पर तब तक हस्ताक्षर न करें जब तक आप नोटरी के सामने न हों।,metadata_aware,True,True,ok,0.7501480579376221,1.325,22.9281,24.2531
"পাওয়ার রেঞ্জার্সের সবচেয়ে বড় প্রয়োজনের সময়, মাইটি মরফিন এলিয়েন রেঞ্জাররা উভয় পক্ষে সাহায্য করতে আসে।",fixed_size,True,True,ok,0.7899538278579712,1.2127,34.6207,35.8334
"পাওয়ার রেঞ্জার্সের সবচেয়ে বড় প্রয়োজনের সময়, মাইটি মরফিন এলিয়েন রেঞ্জাররা উভয় পক্ষে সাহায্য করতে আসে।",semantic_sentence_boundary,True,True,ok,0.7584108114242554,1.4552,23.6905,25.1457
"পাওয়ার রেঞ্জার্সের সবচেয়ে বড় প্রয়োজনের সময়, মাইটি মরফিন এলিয়েন রেঞ্জাররা উভয় পক্ষে সাহায্য করতে আসে।",metadata_aware,True,True,ok,0.7584108114242554,1.904,21.8661,23.7701
"1 गार का फफूंद, एक व्यापक शब्द जो अक्सर यूकेरियोट्स के लगभग 6 समूहों को संदर्भित करता है।",fixed_size,True,True,ok,0.7016759514808655,1.083,35.4893,36.5723
"1 गार का फफूंद, एक व्यापक शब्द जो अक्सर यूकेरियोट्स के लगभग 6 समूहों को संदर्भित करता है।",semantic_sentence_boundary,True,True,ok,0.6618636250495911,1.2315,26.7848,28.0163
"1 गार का फफूंद, एक व्यापक शब्द जो अक्सर यूकेरियोट्स के लगभग 6 समूहों को संदर्भित करता है।",metadata_aware,True,True,ok,0.6618636250495911,1.1246,23.1409,24.2655
"2 மூலிகைகளை கிழித்து அல்லது நசுக்கி, பின்னர் ஒரு சுத்தமான, கிருமிநாசினி கண்ணாடி ஜாடியில் லேசாக அடுக்கவும்.",fixed_size,True,True,ok,0.7706701159477234,1.1109,33.5743,34.6852
"2 மூலிகைகளை கிழித்து அல்லது நசுக்கி, பின்னர் ஒரு சுத்தமான, கிருமிநாசினி கண்ணாடி ஜாடியில் லேசாக அடுக்கவும்.",semantic_sentence_boundary,True,True,ok,0.7929977774620056,1.4432,25.2637,26.7069
"2 மூலிகைகளை கிழித்து அல்லது நசுக்கி, பின்னர் ஒரு சுத்தமான, கிருமிநாசினி கண்ணாடி ஜாடியில் லேசாக அடுக்கவும்.",metadata_aware,True,True,ok,0.7685264348983765,1.3021,22.0678,23.3699
மூலிகைகள் ஊறவைத்த எண்ணெய்களுக்கான இரட்டை பாய்லர் முறையில் மூலிகைகளையும் எண்ணெயையும் இரட்டை பாய்லரில் வைத்து மெதுவாக கொதிக்க வைக்கவும்.,fixed_size,True,True,ok,0.877543568611145,1.3031,34.1086,35.4117
மூலிகைகள் ஊறவைத்த எண்ணெய்களுக்கான இரட்டை பாய்லர் முறையில் மூலிகைகளையும் எண்ணெயையும் இரட்டை பாய்லரில் வைத்து மெதுவாக கொதிக்க வைக்கவும்.,semantic_sentence_boundary,True,True,ok,0.8176614046096802,1.1968,23.1069,24.3037
மூலிகைகள் ஊறவைத்த எண்ணெய்களுக்கான இரட்டை பாய்லர் முறையில் மூலிகைகளையும் எண்ணெயையும் இரட்டை பாய்லரில் வைத்து மெதுவாக கொதிக்க வைக்கவும்.,metadata_aware,True,True,ok,0.8176614046096802,1.2489,20.6482,21.8971
"ஸ்ட்ரதர்ஸ், ஓஹையோ ஸ்ட்ரதர்ஸ் நகரப் பள்ளி மாவட்டம்.",fixed_size,True,True,ok,0.7501861453056335,1.0376,37.4285,38.4661
"ஸ்ட்ரதர்ஸ், ஓஹையோ ஸ்ட்ரதர்ஸ் நகரப் பள்ளி மாவட்டம்.",semantic_sentence_boundary,True,True,ok,0.7612100839614868,1.1304,23.1141,24.2445
"ஸ்ட்ரதர்ஸ், ஓஹையோ ஸ்ட்ரதர்ஸ் நகரப் பள்ளி மாவட்டம்.",metadata_aware,True,True,ok,0.7612100839614868,1.2033,19.7534,20.9567
"நானும் என் காதலனும் திருமணம் செய்து கொள்ள விரும்புகிறோம், ஆனால் எங்களுக்கு லேவே வழங்கும் கடை இல்லை.",fixed_size,True,True,ok,0.8038816452026367,1.0674,34.2149,35.2823
"நானும் என் காதலனும் திருமணம் செய்து கொள்ள விரும்புகிறோம், ஆனால் எங்களுக்கு லேவே வழங்கும் கடை இல்லை.",semantic_sentence_boundary,True,True,ok,0.7402141690254211,1.1447,27.2391,28.3838
"நானும் என் காதலனும் திருமணம் செய்து கொள்ள விரும்புகிறோம், ஆனால் எங்களுக்கு லேவே வழங்கும் கடை இல்லை.",metadata_aware,True,True,ok,0.7300513386726379,1.0936,28.6927,29.7863
"आर.ए.एस.ए.1 जीन उत्परिवर्तन सभी बेसल कोशिका कार्सिनोमा के केवल एक छोटे प्रतिशत में पाए जाते हैं, और उन्हें इन कैंसरों का एक प्रमुख कारण नहीं माना जाता है।",fixed_size,True,True,ok,0.8709625005722046,1.7376,45.3435,47.0811
"आर.ए.एस.ए.1 जीन उत्परिवर्तन सभी बेसल कोशिका कार्सिनोमा के केवल एक छोटे प्रतिशत में पाए जाते हैं, और उन्हें इन कैंसरों का एक प्रमुख कारण नहीं माना जाता है।",semantic_sentence_boundary,True,True,ok,0.8648086190223694,1.3036,28.504,29.8076
"आर.ए.एस.ए.1 जीन उत्परिवर्तन सभी बेसल कोशिका कार्सिनोमा के केवल एक छोटे प्रतिशत में पाए जाते हैं, और उन्हें इन कैंसरों का एक प्रमुख कारण नहीं माना जाता है।",metadata_aware,True,True,ok,0.8648086190223694,1.3069,23.7863,25.0932
"அவர் என்.எஃப்.எல் மண்டே நைட் ஃபுட்பால் (1970), சூப்பர் பவுல் XXIX (1995) மற்றும் 1987 புளோரிடா சிட்ரஸ் பவுல் (1987) ஆகியவற்றில் தனது பணிகளுக்காக அறியப்படுகிறார்.",fixed_size,True,True,ok,0.8040409684181213,1.4002,23.9793,25.3795
"அவர் என்.எஃப்.எல் மண்டே நைட் ஃபுட்பால் (1970), சூப்பர் பவுல் XXIX (1995) மற்றும் 1987 புளோரிடா சிட்ரஸ் பவுல் (1987) ஆகியவற்றில் தனது பணிகளுக்காக அறியப்படுகிறார்.",semantic_sentence_boundary,True,True,ok,0.7462583780288696,0.8815,10.0381,10.9196
"அவர் என்.எஃப்.எல் மண்டே நைட் ஃபுட்பால் (1970), சூப்பர் பவுல் XXIX (1995) மற்றும் 1987 புளோரிடா சிட்ரஸ் பவுல் (1987) ஆகியவற்றில் தனது பணிகளுக்காக அறியப்படுகிறார்.",metadata_aware,True,True,ok,0.7462583780288696,0.7479,9.0565,9.8044
డ్రాగన్ క్వెస్ట్ కన్సోల్ రోల్-ప్లేయింగ్ గేమ్ ఫ్రాంచైజీ యొక్క మాస్కట్ స్లైమ్ (డ్రాగన్ క్వెస్ట్); గ్హోస్ట్‌బస్టర్స్ చిత్రం నుండి స్లైమ్‌తో తయారు చేయబడిన ఆకుపచ్చ దెయ్యం స్లైమర్; బ్రాండ్స్.,fixed_size,True,True,ok,0.9624003171920776,0.7577,16.4158,17.1735
డ్రాగన్ క్వెస్ట్ కన్సోల్ రోల్-ప్లేయింగ్ గేమ్ ఫ్రాంచైజీ యొక్క మాస్కట్ స్లైమ్ (డ్రాగన్ క్వెస్ట్); గ్హోస్ట్‌బస్టర్స్ చిత్రం నుండి స్లైమ్‌తో తయారు చేయబడిన ఆకుపచ్చ దెయ్యం స్లైమర్; బ్రాండ్స్.,semantic_sentence_boundary,True,True,ok,1.0,0.8015,9.6249,10.4264
డ్రాగన్ క్వెస్ట్ కన్సోల్ రోల్-ప్లేయింగ్ గేమ్ ఫ్రాంచైజీ యొక్క మాస్కట్ స్లైమ్ (డ్రాగన్ క్వెస్ట్); గ్హోస్ట్‌బస్టర్స్ చిత్రం నుండి స్లైమ్‌తో తయారు చేయబడిన ఆకుపచ్చ దెయ్యం స్లైమర్; బ్రాండ్స్.,metadata_aware,True,True,ok,0.8706076145172119,0.6752,9.1169,9.7921
quantum entanglement explained simply,fixed_size,False,False,top_score_below_threshold (0.141 < 0.28),0.1407749503850937,0.508,14.8844,15.3924
quantum entanglement explained simply,semantic_sentence_boundary,False,False,top_score_below_threshold (0.122 < 0.28),0.1223650798201561,0.5883,9.7485,10.3368
quantum entanglement explained simply,metadata_aware,False,False,top_score_below_threshold (0.122 < 0.28),0.1223650798201561,0.5868,9.0197,9.6065
Can you recommend a good sci-fi movie from the 90s?,fixed_size,False,False,top_score_below_threshold (0.135 < 0.28),0.13483284413814545,0.6079,14.3038,14.9117
Can you recommend a good sci-fi movie from the 90s?,semantic_sentence_boundary,False,False,top_score_below_threshold (0.121 < 0.28),0.12100526690483093,0.5929,9.793,10.3859
Can you recommend a good sci-fi movie from the 90s?,metadata_aware,False,False,top_score_below_threshold (0.120 < 0.28),0.12045370042324066,0.5524,8.8931,9.4455
ইউনিক্সবক্স গেমের দাম কত?,fixed_size,True,True,ok,0.5531612634658813,0.5297,14.3884,14.9181
ইউনিক্সবক্স গেমের দাম কত?,semantic_sentence_boundary,True,True,ok,0.5561469793319702,0.5974,9.8296,10.427
ইউনিক্সবক্স গেমের দাম কত?,metadata_aware,True,True,ok,0.5561469793319702,0.5887,8.8456,9.4343
"বিচারক স্বাক্ষর করার পরে, চুক্তিটি আইনত বাধ্যতামূলক ""আদেশ"" হয়ে ওঠে।",fixed_size,True,True,ok,0.7646312713623047,0.6064,15.732,16.3384
"বিচারক স্বাক্ষর করার পরে, চুক্তিটি আইনত বাধ্যতামূলক ""আদেশ"" হয়ে ওঠে।",semantic_sentence_boundary,True,True,ok,0.6894943118095398,0.719,11.2041,11.9231
"বিচারক স্বাক্ষর করার পরে, চুক্তিটি আইনত বাধ্যতামূলক ""আদেশ"" হয়ে ওঠে।",metadata_aware,True,True,ok,0.6894943118095398,0.9381,13.2446,14.1827
"यह माइक्रोस्पोरम कैनिस के कारण भी हो सकता है, जो बिल्लियों और कुत्तों द्वारा फैलता है।",fixed_size,True,True,ok,0.7362350225448608,0.8869,16.6417,17.5286
"यह माइक्रोस्पोरम कैनिस के कारण भी हो सकता है, जो बिल्लियों और कुत्तों द्वारा फैलता है।",semantic_sentence_boundary,True,True,ok,0.7362350225448608,0.6577,10.0575,10.7152
"यह माइक्रोस्पोरम कैनिस के कारण भी हो सकता है, जो बिल्लियों और कुत्तों द्वारा फैलता है।",metadata_aware,True,True,ok,0.7362350225448608,0.6547,9.7481,10.4028
"वर्कडे और एक बाहरी प्रणाली के बीच एकीकरण की एक सुसंगत परिभाषा, एक टेम्पलेट पर आधारित जो डेटा संचार करने के लिए आवश्यक विधियाँ प्रदान करता है।",fixed_size,True,True,ok,0.9299330115318298,0.7925,13.7036,14.4961
"वर्कडे और एक बाहरी प्रणाली के बीच एकीकरण की एक सुसंगत परिभाषा, एक टेम्पलेट पर आधारित जो डेटा संचार करने के लिए आवश्यक विधियाँ प्रदान करता है।",semantic_sentence_boundary,True,True,ok,0.9217224717140198,0.7251,10.1179,10.843
"वर्कडे और एक बाहरी प्रणाली के बीच एकीकरण की एक सुसंगत परिभाषा, एक टेम्पलेट पर आधारित जो डेटा संचार करने के लिए आवश्यक विधियाँ प्रदान करता है।",metadata_aware,True,True,ok,0.9217224717140198,0.7588,9.2074,9.9662
"এই প্রক্রিয়ায়, একজন ক্ষতিপূরণ প্রশাসক বোনাস পরিকল্পনার সংজ্ঞা তৈরি করেন।",fixed_size,True,True,ok,0.6842049956321716,0.7276,14.6232,15.3508
"এই প্রক্রিয়ায়, একজন ক্ষতিপূরণ প্রশাসক বোনাস পরিকল্পনার সংজ্ঞা তৈরি করেন।",semantic_sentence_boundary,True,True,ok,0.6941379308700562,0.9506,19.799,20.7496
"এই প্রক্রিয়ায়, একজন ক্ষতিপূরণ প্রশাসক বোনাস পরিকল্পনার সংজ্ঞা তৈরি করেন।",metadata_aware,True,True,ok,0.6941379308700562,0.7602,12.8978,13.658
तनाव दरारों की पहचान करना।,fixed_size,True,True,ok,0.7524008750915527,1.0205,30.5585,31.579
तनाव दरारों की पहचान करना।,semantic_sentence_boundary,True,True,ok,0.75624018907547,0.9975,23.0829,24.0804
तनाव दरारों की पहचान करना।,metadata_aware,True,True,ok,0.75624018907547,1.0274,21.0621,22.0895
किन्ना पारस्परिक आदान-प्रदान होता है और इसकी समस्याएं क्या हैं,fixed_size,True,True,ok,0.33896389603614807,1.425,35.4529,36.8779
किन्ना पारस्परिक आदान-प्रदान होता है और इसकी समस्याएं क्या हैं,semantic_sentence_boundary,True,True,ok,0.33896389603614807,1.6083,22.7332,24.3415
किन्ना पारस्परिक आदान-प्रदान होता है और इसकी समस्याएं क्या हैं,metadata_aware,True,True,ok,0.33896389603614807,1.0478,23.8247,24.8725
సెంటర్ ఫర్ పబ్లిక్ ఇంటిగ్రిటీ వారి న్యూస్ డెవలపర్ క్రిస్ జుబాక్-స్కీస్.,fixed_size,True,True,ok,0.8634177446365356,1.4934,36.1698,37.6632
సెంటర్ ఫర్ పబ్లిక్ ఇంటిగ్రిటీ వారి న్యూస్ డెవలపర్ క్రిస్ జుబాక్-స్కీస్.,semantic_sentence_boundary,True,True,ok,0.5355302691459656,1.5332,23.4227,24.9559
సెంటర్ ఫర్ పబ్లిక్ ఇంటిగ్రిటీ వారి న్యూస్ డెవలపర్ క్రిస్ జుబాక్-స్కీస్.,metadata_aware,True,True,ok,0.5355302691459656,0.9504,9.5874,10.5378
যখন কাচের একটি প্যানের একটি অংশ সংলগ্ন অংশের চেয়ে বেশি গরম হয়ে ওঠে তখন তাপীয় চাপ তৈরি হয়।,fixed_size,True,True,ok,0.7795336246490479,0.6913,13.562,14.2533
যখন কাচের একটি প্যানের একটি অংশ সংলগ্ন অংশের চেয়ে বেশি গরম হয়ে ওঠে তখন তাপীয় চাপ তৈরি হয়।,semantic_sentence_boundary,True,True,ok,0.7879824638366699,0.6924,11.019,11.7114
যখন কাচের একটি প্যানের একটি অংশ সংলগ্ন অংশের চেয়ে বেশি গরম হয়ে ওঠে তখন তাপীয় চাপ তৈরি হয়।,metadata_aware,True,True,ok,0.7879824638366699,1.0872,9.9612,11.0484
একটি ঈগল কত দ্রুত ভ্রমণ করে।,fixed_size,True,True,ok,0.3779301345348358,0.5588,14.801,15.3598
একটি ঈগল কত দ্রুত ভ্রমণ করে।,semantic_sentence_boundary,True,True,ok,0.3584868311882019,0.579,11.8569,12.4359
একটি ঈগল কত দ্রুত ভ্রমণ করে।,metadata_aware,True,True,ok,0.3584868311882019,0.6787,9.8753,10.554
"హెలిక్స్-టర్న్-హెలిక్స్ మోటిఫ్ - డిఎన్ఏకు బంధించే సైట్‌ను ఏర్పరిచే రెండు α-హెలిక్స్‌ల అమరికను వివరిస్తుంది, ఒకటి డిఎన్ఏ యొక్క ప్రధాన గ్రూవ్‌లో సరిపోతుంది మరియు మరొకటి దాని మీద ఉంటుంది.",fixed_size,True,True,ok,0.977943480014801,0.7676,19.2685,20.0361
"హెలిక్స్-టర్న్-హెలిక్స్ మోటిఫ్ - డిఎన్ఏకు బంధించే సైట్‌ను ఏర్పరిచే రెండు α-హెలిక్స్‌ల అమరికను వివరిస్తుంది, ఒకటి డిఎన్ఏ యొక్క ప్రధాన గ్రూవ్‌లో సరిపోతుంది మరియు మరొకటి దాని మీద ఉంటుంది.",semantic_sentence_boundary,True,True,ok,1.0,0.915,10.8207,11.7357
"హెలిక్స్-టర్న్-హెలిక్స్ మోటిఫ్ - డిఎన్ఏకు బంధించే సైట్‌ను ఏర్పరిచే రెండు α-హెలిక్స్‌ల అమరికను వివరిస్తుంది, ఒకటి డిఎన్ఏ యొక్క ప్రధాన గ్రూవ్‌లో సరిపోతుంది మరియు మరొకటి దాని మీద ఉంటుంది.",metadata_aware,True,True,ok,0.8069839477539062,0.8922,9.0152,9.9074
"நடவு முன், மண்ணை வேகவைக்க பிளாஸ்டிக் படலத்தால் மண்ணை மூடி வையுங்கள்.",fixed_size,True,True,ok,0.8943568468093872,1.5736,15.9962,17.5698
"நடவு முன், மண்ணை வேகவைக்க பிளாஸ்டிக் படலத்தால் மண்ணை மூடி வையுங்கள்.",semantic_sentence_boundary,True,True,ok,0.6613978147506714,0.6751,10.3843,11.0594
"நடவு முன், மண்ணை வேகவைக்க பிளாஸ்டிக் படலத்தால் மண்ணை மூடி வையுங்கள்.",metadata_aware,True,True,ok,0.6613978147506714,0.6493,9.7681,10.4174
"रोबोटिक दाहिने पैर वाला वैन डेर बीक, उसे लापता पूर्व ग्रीन रेंजर टॉमी के ठिकाने का खुलासा करने के लिए मजबूर करने की कोशिश करता है और बताता है कि कैसे माइटी मॉर्फिन पावर रेंजर्स का हर दूसरा सदस्य मारा गया है।",fixed_size,True,True,ok,0.9999999403953552,0.8538,14.2407,15.0945
"रोबोटिक दाहिने पैर वाला वैन डेर बीक, उसे लापता पूर्व ग्रीन रेंजर टॉमी के ठिकाने का खुलासा करने के लिए मजबूर करने की कोशिश करता है और बताता है कि कैसे माइटी मॉर्फिन पावर रेंजर्स का हर दूसरा सदस्य मारा गया है।",semantic_sentence_boundary,True,True,ok,0.9999999403953552,0.9251,9.8939,10.819
"रोबोटिक दाहिने पैर वाला वैन डेर बीक, उसे लापता पूर्व ग्रीन रेंजर टॉमी के ठिकाने का खुलासा करने के लिए मजबूर करने की कोशिश करता है और बताता है कि कैसे माइटी मॉर्फिन पावर रेंजर्स का हर दूसरा सदस्य मारा गया है।",metadata_aware,True,True,ok,0.9999999403953552,0.7333,10.4924,11.2257
"1 మొదటిసారి పట్టభద్రులైన విద్యార్థులు 4 సంవత్సరాల పోస్ట్ సెకండరీ సంస్థలలో పట్టభద్రులైన విద్యార్థులు, జాతి/జాతి ప్రకారం...: ఎంపిక చేయబడిన కోహార్ట్ ప్రవేశ సంవత్సరాలు, 1996 నుండి 2007.",fixed_size,True,True,ok,0.9551959037780762,0.8491,15.3367,16.1858
"1 మొదటిసారి పట్టభద్రులైన విద్యార్థులు 4 సంవత్సరాల పోస్ట్ సెకండరీ సంస్థలలో పట్టభద్రులైన విద్యార్థులు, జాతి/జాతి ప్రకారం...: ఎంపిక చేయబడిన కోహార్ట్ ప్రవేశ సంవత్సరాలు, 1996 నుండి 2007.",semantic_sentence_boundary,True,True,ok,0.9462487697601318,0.8709,10.1806,11.0515
"1 మొదటిసారి పట్టభద్రులైన విద్యార్థులు 4 సంవత్సరాల పోస్ట్ సెకండరీ సంస్థలలో పట్టభద్రులైన విద్యార్థులు, జాతి/జాతి ప్రకారం...: ఎంపిక చేయబడిన కోహార్ట్ ప్రవేశ సంవత్సరాలు, 1996 నుండి 2007.",metadata_aware,True,True,ok,0.9462487697601318,1.5193,19.0599,20.5792
ஒளி தேவைகள்: முழு சூரிய ஒளி.,fixed_size,True,True,ok,0.5233354568481445,0.9059,30.7687,31.6746
ஒளி தேவைகள்: முழு சூரிய ஒளி.,semantic_sentence_boundary,True,True,ok,0.5017542839050293,0.9178,21.3172,22.235
ஒளி தேவைகள்: முழு சூரிய ஒளி.,metadata_aware,True,True,ok,0.5017542839050293,0.9508,22.1053,23.0561
"இந்த பின்பற்றுபவர்களைப் பெறுவது மிகவும் எளிது, நீங்கள் உண்மையாக இருப்பது நல்லதா என்று நீங்கள் சந்தேகிக்கலாம்!",fixed_size,True,True,ok,0.8228480815887451,1.3027,34.079,35.3817
"இந்த பின்பற்றுபவர்களைப் பெறுவது மிகவும் எளிது, நீங்கள் உண்மையாக இருப்பது நல்லதா என்று நீங்கள் சந்தேகிக்கலாம்!",semantic_sentence_boundary,True,True,ok,0.85701584815979,1.4026,24.1738,25.5764
"இந்த பின்பற்றுபவர்களைப் பெறுவது மிகவும் எளிது, நீங்கள் உண்மையாக இருப்பது நல்லதா என்று நீங்கள் சந்தேகிக்கலாம்!",metadata_aware,True,True,ok,0.7767506241798401,1.114,23.1661,24.2801
"స్లైమర్, గ్రాస్ట్‌బస్టర్స్ బ్రాండ్స్ స్లైమ్ (బొమ్మ) చిత్రం నుండి స్లైమ్‌తో తయారు చేయబడిన ఆకుపచ్చ దెయ్యం, ప్లాస్టిక్ చెత్త డబ్బాలో విక్రయించబడే ప్రధానంగా గ్వార్ గమ్ నుండి తయారు చేయబడిన ఒక జిగురు, పూత పచ్చని పదార్థం.",fixed_size,True,True,ok,1.0,1.9158,34.721,36.6368
"స్లైమర్, గ్రాస్ట్‌బస్టర్స్ బ్రాండ్స్ స్లైమ్ (బొమ్మ) చిత్రం నుండి స్లైమ్‌తో తయారు చేయబడిన ఆకుపచ్చ దెయ్యం, ప్లాస్టిక్ చెత్త డబ్బాలో విక్రయించబడే ప్రధానంగా గ్వార్ గమ్ నుండి తయారు చేయబడిన ఒక జిగురు, పూత పచ్చని పదార్థం.",semantic_sentence_boundary,True,True,ok,1.0,1.3532,38.9515,40.3047
"స్లైమర్, గ్రాస్ట్‌బస్టర్స్ బ్రాండ్స్ స్లైమ్ (బొమ్మ) చిత్రం నుండి స్లైమ్‌తో తయారు చేయబడిన ఆకుపచ్చ దెయ్యం, ప్లాస్టిక్ చెత్త డబ్బాలో విక్రయించబడే ప్రధానంగా గ్వార్ గమ్ నుండి తయారు చేయబడిన ఒక జిగురు, పూత పచ్చని పదార్థం.",metadata_aware,True,True,ok,1.0,1.6861,28.9352,30.6213
"হার্টল্যান্ড ফ্লায়ার ফোর্ট ওয়ার্থে পৌঁছানোর পরে, এটি শেষ হয়ে যায়।",fixed_size,True,True,ok,0.6703218817710876,1.0356,14.391,15.4266
"হার্টল্যান্ড ফ্লায়ার ফোর্ট ওয়ার্থে পৌঁছানোর পরে, এটি শেষ হয়ে যায়।",semantic_sentence_boundary,True,True,ok,0.6000610589981079,0.7123,20.4542,21.1665
"হার্টল্যান্ড ফ্লায়ার ফোর্ট ওয়ার্থে পৌঁছানোর পরে, এটি শেষ হয়ে যায়।",metadata_aware,True,True,ok,0.6000610589981079,1.0801,21.3667,22.4468
अनुबंध को तब रूपरेखा के अनुसार विस्तार से लिखा गया था और दोनों माता-पिता द्वारा हस्ताक्षरित किया गया था।,fixed_size,True,True,ok,0.9548185467720032,1.0114,34.436,35.4474
अनुबंध को तब रूपरेखा के अनुसार विस्तार से लिखा गया था और दोनों माता-पिता द्वारा हस्ताक्षरित किया गया था।,semantic_sentence_boundary,True,True,ok,0.8866169452667236,1.4517,23.4911,24.9428
अनुबंध को तब रूपरेखा के अनुसार विस्तार से लिखा गया था और दोनों माता-पिता द्वारा हस्ताक्षरित किया गया था।,metadata_aware,True,True,ok,0.8866169452667236,1.6363,24.5489,26.1852
What's the weather forecast for tomorrow in Paris?,fixed_size,False,False,top_score_below_threshold (0.236 < 0.28),0.23617762327194214,1.1056,34.4981,35.6037
What's the weather forecast for tomorrow in Paris?,semantic_sentence_boundary,False,False,top_score_below_threshold (0.150 < 0.28),0.14994697272777557,0.9295,24.5515,25.481
What's the weather forecast for tomorrow in Paris?,metadata_aware,False,False,top_score_below_threshold (0.206 < 0.28),0.20600660145282745,1.3455,24.654,25.9995
"स्लाइम (खिलौना), एक चिपचिपा, हरे रंग का पदार्थ जो मुख्य रूप से ग्वार गम से बना होता है और प्लास्टिक के कूड़ेदान में बेचा जाता है; स्लाइम (ब्रांड), टायर देखभाल उत्पादों का एक ब्रांड; म्यूजिक",fixed_size,True,True,ok,0.9623099565505981,1.3126,32.8952,34.2078
"स्लाइम (खिलौना), एक चिपचिपा, हरे रंग का पदार्थ जो मुख्य रूप से ग्वार गम से बना होता है और प्लास्टिक के कूड़ेदान में बेचा जाता है; स्लाइम (ब्रांड), टायर देखभाल उत्पादों का एक ब्रांड; म्यूजिक",semantic_sentence_boundary,True,True,ok,1.0000001192092896,1.2233,26.5629,27.7862
"स्लाइम (खिलौना), एक चिपचिपा, हरे रंग का पदार्थ जो मुख्य रूप से ग्वार गम से बना होता है और प्लास्टिक के कूड़ेदान में बेचा जाता है; स्लाइम (ब्रांड), टायर देखभाल उत्पादों का एक ब्रांड; म्यूजिक",metadata_aware,True,True,ok,1.0000001192092896,1.4153,24.0879,25.5032
৩ অর্ডার প্রবেশের নোটিশ দাখিল করুন।,fixed_size,True,True,ok,0.8432963490486145,1.3738,38.9465,40.3203
৩ অর্ডার প্রবেশের নোটিশ দাখিল করুন।,semantic_sentence_boundary,True,True,ok,0.6472457647323608,1.6782,27.5253,29.2035
৩ অর্ডার প্রবেশের নোটিশ দাখিল করুন।,metadata_aware,True,True,ok,0.6472457647323608,0.9253,21.6255,22.5508
வானிலையியல் என்பது வானிலை முறைகளின் பெரிய போக்குகளைப் பற்றிய ஆய்வு ஆகும்.,fixed_size,True,True,ok,0.8661648035049438,1.0649,34.7288,35.7937
வானிலையியல் என்பது வானிலை முறைகளின் பெரிய போக்குகளைப் பற்றிய ஆய்வு ஆகும்.,semantic_sentence_boundary,True,True,ok,0.8661648035049438,1.03,27.36,28.39
வானிலையியல் என்பது வானிலை முறைகளின் பெரிய போக்குகளைப் பற்றிய ஆய்வு ஆகும்.,metadata_aware,True,True,ok,0.8661648035049438,1.3397,23.1276,24.4673
ஸ்லைம் என்ற தலைப்பைக் கொண்ட அனைத்துப் பக்கங்களும் ஸ்லைம் என்ற தலைப்புடன் தொடர்புடைய கட்டுரைகளைப் பட்டியலிடுகின்றன.,fixed_size,True,True,ok,0.7922447919845581,0.7382,36.8718,37.61
ஸ்லைம் என்ற தலைப்பைக் கொண்ட அனைத்துப் பக்கங்களும் ஸ்லைம் என்ற தலைப்புடன் தொடர்புடைய கட்டுரைகளைப் பட்டியலிடுகின்றன.,semantic_sentence_boundary,True,True,ok,0.756838321685791,1.4421,24.0435,25.4856
ஸ்லைம் என்ற தலைப்பைக் கொண்ட அனைத்துப் பக்கங்களும் ஸ்லைம் என்ற தலைப்புடன் தொடர்புடைய கட்டுரைகளைப் பட்டியலிடுகின்றன.,metadata_aware,True,True,ok,0.756838321685791,1.8427,25.2771,27.1198
ధన్యవాదాలు.,fixed_size,True,True,ok,0.3225334882736206,1.0829,32.0466,33.1295
ధన్యవాదాలు.,semantic_sentence_boundary,True,True,ok,0.3225334882736206,1.1089,23.6635,24.7724
ధన్యవాదాలు.,metadata_aware,True,True,ok,0.3225334882736206,1.1896,24.6619,25.8515
"1: एक सरकारी स्वामित्व वाला निगम (एक उपयोगिता या रेलमार्ग के रूप में) एक लाभ कमाने वाले उद्यम में लगा हुआ है जिसके लिए सरकारी शक्तियों (एक प्रमुख क्षेत्र के रूप में) का प्रयोग करने की आवश्यकता हो सकती है - जिसे सरकारी निगम, सार्वजनिक रूप से आयोजित निगम भी कहा जाता है।",fixed_size,True,True,ok,0.9388673305511475,2.4003,33.8066,36.2069
"1: एक सरकारी स्वामित्व वाला निगम (एक उपयोगिता या रेलमार्ग के रूप में) एक लाभ कमाने वाले उद्यम में लगा हुआ है जिसके लिए सरकारी शक्तियों (एक प्रमुख क्षेत्र के रूप में) का प्रयोग करने की आवश्यकता हो सकती है - जिसे सरकारी निगम, सार्वजनिक रूप से आयोजित निगम भी कहा जाता है।",semantic_sentence_boundary,True,True,ok,1.0,1.308,23.8057,25.1137
"1: एक सरकारी स्वामित्व वाला निगम (एक उपयोगिता या रेलमार्ग के रूप में) एक लाभ कमाने वाले उद्यम में लगा हुआ है जिसके लिए सरकारी शक्तियों (एक प्रमुख क्षेत्र के रूप में) का प्रयोग करने की आवश्यकता हो सकती है - जिसे सरकारी निगम, सार्वजनिक रूप से आयोजित निगम भी कहा जाता है।",metadata_aware,True,True,ok,1.0,1.6708,21.4195,23.0903
"உதாரணமாக, நியூயார்க்கில் 150 வாட் என மதிப்பிடப்பட்ட ஒரு பேனலுக்கு, நாம் பெறுவோம்: 4 மணி நேர உச்ச சூரிய ஒளி x 150 வாட் x 30.5 நாட்கள் ஒரு மாதத்திற்கு 1000 கிலோவாட்/மணி = 18.3 கிலோவாட்/மாதம்.",fixed_size,True,True,ok,0.9589483737945557,1.2551,37.2883,38.5434
"உதாரணமாக, நியூயார்க்கில் 150 வாட் என மதிப்பிடப்பட்ட ஒரு பேனலுக்கு, நாம் பெறுவோம்: 4 மணி நேர உச்ச சூரிய ஒளி x 150 வாட் x 30.5 நாட்கள் ஒரு மாதத்திற்கு 1000 கிலோவாட்/மணி = 18.3 கிலோவாட்/மாதம்.",semantic_sentence_boundary,True,True,ok,0.8463433980941772,1.2458,27.1543,28.4001
"உதாரணமாக, நியூயார்க்கில் 150 வாட் என மதிப்பிடப்பட்ட ஒரு பேனலுக்கு, நாம் பெறுவோம்: 4 மணி நேர உச்ச சூரிய ஒளி x 150 வாட் x 30.5 நாட்கள் ஒரு மாதத்திற்கு 1000 கிலோவாட்/மணி = 18.3 கிலோவாட்/மாதம்.",metadata_aware,True,True,ok,0.8463433980941772,1.2749,23.6827,24.9576
চিকিৎসা গাঁজা গবেষণা ১লা জানুয়ারী ২০১৪ থেকে শুরু হয়েছে এবং চিকিৎসা গাঁজা প্রোগ্রাম অন্যান্য নয়টি যোগ্য চিকিৎসা অবস্থার সাথে যুক্ত হবে যা স্বাস্থ্য কর্তৃপক্ষ বলে মনে করে যে একজন ব্যক্তিকে চিকিৎসা গাঁজা কার্ড পেতে দিতে পারে কিন্তু প্রশ্ন উদ্ভূত হয় যে গাঁজা সত্যিই এখানে যে রোগীদের সাহায্য করে যারা এখানে যুক্ত হয়েছে তাদের জন্য কিছু প্রমাণ রয়েছে যে যুক্তদের ভোগার লোকেরা সেখানে আগ্রহী হতে পারে বর্তমানে চিকিৎসা গবেষণা চলছে যাতে গাঁজার ব্যবহার এবং যুক্তদের উপসর্গের উপশমের মধ্যে সম্পর্ক অধ্যয়ন করা হচ্ছে।,fixed_size,True,True,ok,0.8586143255233765,1.8808,32.0427,33.9235
চিকিৎসা গাঁজা গবেষণা ১লা জানুয়ারী ২০১৪ থেকে শুরু হয়েছে এবং চিকিৎসা গাঁজা প্রোগ্রাম অন্যান্য নয়টি যোগ্য চিকিৎসা অবস্থার সাথে যুক্ত হবে যা স্বাস্থ্য কর্তৃপক্ষ বলে মনে করে যে একজন ব্যক্তিকে চিকিৎসা গাঁজা কার্ড পেতে দিতে পারে কিন্তু প্রশ্ন উদ্ভূত হয় যে গাঁজা সত্যিই এখানে যে রোগীদের সাহায্য করে যারা এখানে যুক্ত হয়েছে তাদের জন্য কিছু প্রমাণ রয়েছে যে যুক্তদের ভোগার লোকেরা সেখানে আগ্রহী হতে পারে বর্তমানে চিকিৎসা গবেষণা চলছে যাতে গাঁজার ব্যবহার এবং যুক্তদের উপসর্গের উপশমের মধ্যে সম্পর্ক অধ্যয়ন করা হচ্ছে।,semantic_sentence_boundary,True,True,ok,1.0,1.7577,21.6288,23.3865
চিকিৎসা গাঁজা গবেষণা ১লা জানুয়ারী ২০১৪ থেকে শুরু হয়েছে এবং চিকিৎসা গাঁজা প্রোগ্রাম অন্যান্য নয়টি যোগ্য চিকিৎসা অবস্থার সাথে যুক্ত হবে যা স্বাস্থ্য কর্তৃপক্ষ বলে মনে করে যে একজন ব্যক্তিকে চিকিৎসা গাঁজা কার্ড পেতে দিতে পারে কিন্তু প্রশ্ন উদ্ভূত হয় যে গাঁজা সত্যিই এখানে যে রোগীদের সাহায্য করে যারা এখানে যুক্ত হয়েছে তাদের জন্য কিছু প্রমাণ রয়েছে যে যুক্তদের ভোগার লোকেরা সেখানে আগ্রহী হতে পারে বর্তমানে চিকিৎসা গবেষণা চলছে যাতে গাঁজার ব্যবহার এবং যুক্তদের উপসর্গের উপশমের মধ্যে সম্পর্ক অধ্যয়ন করা হচ্ছে।,metadata_aware,True,True,ok,1.0,2.1875,21.6687,23.8562
"కన్సోల్ యొక్క బండిల్స్ మరియు పరిమిత ఎడిషన్ వెర్షన్లు కూడా ఉన్నాయి, ఇవి సాధారణంగా ఖరీదైన గేమ్‌లతో ప్యాకేజ్ చేయబడతాయి.",fixed_size,True,True,ok,0.9081364274024963,1.2333,36.1948,37.4281
"కన్సోల్ యొక్క బండిల్స్ మరియు పరిమిత ఎడిషన్ వెర్షన్లు కూడా ఉన్నాయి, ఇవి సాధారణంగా ఖరీదైన గేమ్‌లతో ప్యాకేజ్ చేయబడతాయి.",semantic_sentence_boundary,True,True,ok,0.5970455408096313,1.3567,25.4836,26.8403
"కన్సోల్ యొక్క బండిల్స్ మరియు పరిమిత ఎడిషన్ వెర్షన్లు కూడా ఉన్నాయి, ఇవి సాధారణంగా ఖరీదైన గేమ్‌లతో ప్యాకేజ్ చేయబడతాయి.",metadata_aware,True,True,ok,0.5970455408096313,1.3223,28.7255,30.0478
எக்ஸ்பாக்ஸ் விளையாட்டுப் பட்டியல் & விலை வழிகாட்டி.,fixed_size,True,True,ok,0.7838246822357178,0.9968,40.195,41.1918
எக்ஸ்பாக்ஸ் விளையாட்டுப் பட்டியல் & விலை வழிகாட்டி.,semantic_sentence_boundary,True,True,ok,0.7548171281814575,1.4776,29.2938,30.7714
எக்ஸ்பாக்ஸ் விளையாட்டுப் பட்டியல் & விலை வழிகாட்டி.,metadata_aware,True,True,ok,0.7800420522689819,1.0981,26.2171,27.3152
"चूर्णित चीनी का एक कप 4.41 आउंस होता है, इसलिए चूर्णित चीनी के एक पाउंड में 3.63 कप होते हैं।",fixed_size,True,True,ok,0.846668541431427,1.0388,37.2118,38.2506
"चूर्णित चीनी का एक कप 4.41 आउंस होता है, इसलिए चूर्णित चीनी के एक पाउंड में 3.63 कप होते हैं।",semantic_sentence_boundary,True,True,ok,0.9088679552078247,1.0167,24.6285,25.6452
"चूर्णित चीनी का एक कप 4.41 आउंस होता है, इसलिए चूर्णित चीनी के एक पाउंड में 3.63 कप होते हैं।",metadata_aware,True,True,ok,0.9088679552078247,1.0953,26.5335,27.6288
बी कॉर्प प्रमाणीकरण वैश्विक आंदोलन का नेतृत्व करने वाली कंपनियों पर प्रकाश डालता है।,fixed_size,True,True,ok,1.0,1.7491,37.8206,39.5697
बी कॉर्प प्रमाणीकरण वैश्विक आंदोलन का नेतृत्व करने वाली कंपनियों पर प्रकाश डालता है।,semantic_sentence_boundary,True,True,ok,1.0,1.2243,26.6988,27.9231
बी कॉर्प प्रमाणीकरण वैश्विक आंदोलन का नेतृत्व करने वाली कंपनियों पर प्रकाश डालता है।,metadata_aware,True,True,ok,1.0,2.9341,29.234,32.1681
"তাকে প্রায়শই তার মধ্যস্থতার সুযোগ-সুবিধার অপব্যবহার করার অভিযোগ করা হয়, অবৈধ, অনুপযুক্ত বা সম্পূর্ণ মিথ্যা কারণে ব্যবহারকারীদের নিষিদ্ধ করে এবং অনুপযুক্ত ও কঠোর শাস্তি দেওয়ার অভিযোগ করা হয়।",fixed_size,True,True,ok,0.9416835308074951,1.4978,38.0415,39.5393
"তাকে প্রায়শই তার মধ্যস্থতার সুযোগ-সুবিধার অপব্যবহার করার অভিযোগ করা হয়, অবৈধ, অনুপযুক্ত বা সম্পূর্ণ মিথ্যা কারণে ব্যবহারকারীদের নিষিদ্ধ করে এবং অনুপযুক্ত ও কঠোর শাস্তি দেওয়ার অভিযোগ করা হয়।",semantic_sentence_boundary,True,True,ok,1.0,1.4676,25.7152,27.1828
"তাকে প্রায়শই তার মধ্যস্থতার সুযোগ-সুবিধার অপব্যবহার করার অভিযোগ করা হয়, অবৈধ, অনুপযুক্ত বা সম্পূর্ণ মিথ্যা কারণে ব্যবহারকারীদের নিষিদ্ধ করে এবং অনুপযুক্ত ও কঠোর শাস্তি দেওয়ার অভিযোগ করা হয়।",metadata_aware,True,True,ok,1.0,2.0827,22.3407,24.4234
"உங்கள் தனிப்பட்ட தகவல்கள் அமெரிக்காவில் பரிமாற்றப்பட்டு செயலாக்கப்படலாம் என்றும், நீங்கள் பயன்பாட்டு விதிமுறைகளையும் தனியுரிமைக் கொள்கையையும் படித்து ஒப்புக்கொள்கிறீர்கள் என்றும் நீங்கள் ஒப்புக்கொள்கிறீர்கள்.",fixed_size,True,True,ok,0.9867409467697144,1.4077,31.5427,32.9504
"உங்கள் தனிப்பட்ட தகவல்கள் அமெரிக்காவில் பரிமாற்றப்பட்டு செயலாக்கப்படலாம் என்றும், நீங்கள் பயன்பாட்டு விதிமுறைகளையும் தனியுரிமைக் கொள்கையையும் படித்து ஒப்புக்கொள்கிறீர்கள் என்றும் நீங்கள் ஒப்புக்கொள்கிறீர்கள்.",semantic_sentence_boundary,True,True,ok,0.9999999403953552,1.508,26.9723,28.4803
"உங்கள் தனிப்பட்ட தகவல்கள் அமெரிக்காவில் பரிமாற்றப்பட்டு செயலாக்கப்படலாம் என்றும், நீங்கள் பயன்பாட்டு விதிமுறைகளையும் தனியுரிமைக் கொள்கையையும் படித்து ஒப்புக்கொள்கிறீர்கள் என்றும் நீங்கள் ஒப்புக்கொள்கிறீர்கள்.",metadata_aware,True,True,ok,0.8596861958503723,1.3007,24.2876,25.5883
"சூரிய பலகைகள் எங்கு வேண்டுமானாலும் சூரியன் இருக்கும் இடத்தில் வேலை செய்யும்; இருப்பினும், சில இடங்கள் மற்றவற்றை விட சிறந்தவை.",fixed_size,True,True,ok,0.768174946308136,1.4834,39.0047,40.4881
"சூரிய பலகைகள் எங்கு வேண்டுமானாலும் சூரியன் இருக்கும் இடத்தில் வேலை செய்யும்; இருப்பினும், சில இடங்கள் மற்றவற்றை விட சிறந்தவை.",semantic_sentence_boundary,True,True,ok,0.7513806819915771,1.1893,28.9967,30.186
"சூரிய பலகைகள் எங்கு வேண்டுமானாலும் சூரியன் இருக்கும் இடத்தில் வேலை செய்யும்; இருப்பினும், சில இடங்கள் மற்றவற்றை விட சிறந்தவை.",metadata_aware,True,True,ok,0.7513806819915771,1.3795,23.9593,25.3388
"2 యాంటీవైరస్ సాఫ్ట్‌వేర్ (యాంటీవైరస్ ప్రోగ్రామ్): యాంటీవైరస్ సాఫ్ట్‌వేర్ అనేది వ్యక్తిగత కంప్యూటింగ్‌లో మాల్‌వేర్ ఇన్‌ఫెక్షన్‌లను నిరోధించడానికి, గుర్తించడానికి మరియు తొలగించడానికి రూపొందించబడిన ప్రోగ్రామ్‌ల తరగతి.",fixed_size,True,True,ok,0.9702103137969971,1.728,37.3443,39.0723
"2 యాంటీవైరస్ సాఫ్ట్‌వేర్ (యాంటీవైరస్ ప్రోగ్రామ్): యాంటీవైరస్ సాఫ్ట్‌వేర్ అనేది వ్యక్తిగత కంప్యూటింగ్‌లో మాల్‌వేర్ ఇన్‌ఫెక్షన్‌లను నిరోధించడానికి, గుర్తించడానికి మరియు తొలగించడానికి రూపొందించబడిన ప్రోగ్రామ్‌ల తరగతి.",semantic_sentence_boundary,True,True,ok,1.0,1.4669,31.5607,33.0276
"2 యాంటీవైరస్ సాఫ్ట్‌వేర్ (యాంటీవైరస్ ప్రోగ్రామ్): యాంటీవైరస్ సాఫ్ట్‌వేర్ అనేది వ్యక్తిగత కంప్యూటింగ్‌లో మాల్‌వేర్ ఇన్‌ఫెక్షన్‌లను నిరోధించడానికి, గుర్తించడానికి మరియు తొలగించడానికి రూపొందించబడిన ప్రోగ్రామ్‌ల తరగతి.",metadata_aware,True,True,ok,0.8842872381210327,1.2735,22.1281,23.4016
உலர்ந்த கப்பல் நிறுத்தும் இடத்தில் ஒரு கப்பலை ஆதரிக்கும் தொகுதிகள்.,fixed_size,True,True,ok,0.8975545167922974,1.2069,35.6314,36.8383
உலர்ந்த கப்பல் நிறுத்தும் இடத்தில் ஒரு கப்பலை ஆதரிக்கும் தொகுதிகள்.,semantic_sentence_boundary,True,True,ok,0.8319683074951172,2.2829,23.5837,25.8666
உலர்ந்த கப்பல் நிறுத்தும் இடத்தில் ஒரு கப்பலை ஆதரிக்கும் தொகுதிகள்.,metadata_aware,True,True,ok,0.8319683074951172,1.5755,26.5979,28.1734
"चावल के 1 कप का सटीक वजन अनाज के प्रकार पर निर्भर करता है, चाहे चावल पकाया गया हो, अनाज कितने कसकर भरे हुए हैं और माप मीट्रिक या यू.एस.",fixed_size,True,True,ok,0.8740335702896118,1.1744,36.1255,37.2999
"चावल के 1 कप का सटीक वजन अनाज के प्रकार पर निर्भर करता है, चाहे चावल पकाया गया हो, अनाज कितने कसकर भरे हुए हैं और माप मीट्रिक या यू.एस.",semantic_sentence_boundary,True,True,ok,0.8695005178451538,1.455,27.576,29.031
"चावल के 1 कप का सटीक वजन अनाज के प्रकार पर निर्भर करता है, चाहे चावल पकाया गया हो, अनाज कितने कसकर भरे हुए हैं और माप मीट्रिक या यू.एस.",metadata_aware,True,True,ok,0.8695005178451538,1.3873,25.4932,26.8805
"నీతిలో, సమగ్రత అనేది ఒకరి చర్యల నిజాయితీ మరియు నిజాయితీ లేదా ఖచ్చితత్వంగా పరిగణించబడుతుంది.",fixed_size,True,True,ok,0.9867264032363892,1.1964,37.2386,38.435
"నీతిలో, సమగ్రత అనేది ఒకరి చర్యల నిజాయితీ మరియు నిజాయితీ లేదా ఖచ్చితత్వంగా పరిగణించబడుతుంది.",semantic_sentence_boundary,True,True,ok,0.6917223930358887,1.3404,26.4163,27.7567
"నీతిలో, సమగ్రత అనేది ఒకరి చర్యల నిజాయితీ మరియు నిజాయితీ లేదా ఖచ్చితత్వంగా పరిగణించబడుతుంది.",metadata_aware,True,True,ok,0.6917223930358887,1.4532,25.3448,26.798
"దశ 1: విండోస్ 8 స్టార్ట్ స్క్రీన్ నుండి, 'డెస్క్‌టాప్‌లో సాధారణ ఐకాన్‌లను చూపించు లేదా దాచు' కోసం శోధించండి.",fixed_size,True,True,ok,0.8124170899391174,0.7388,39.9066,40.6454
"దశ 1: విండోస్ 8 స్టార్ట్ స్క్రీన్ నుండి, 'డెస్క్‌టాప్‌లో సాధారణ ఐకాన్‌లను చూపించు లేదా దాచు' కోసం శోధించండి.",semantic_sentence_boundary,True,True,ok,0.8027692437171936,1.1634,22.9716,24.135
"దశ 1: విండోస్ 8 స్టార్ట్ స్క్రీన్ నుండి, 'డెస్క్‌టాప్‌లో సాధారణ ఐకాన్‌లను చూపించు లేదా దాచు' కోసం శోధించండి.",metadata_aware,True,True,ok,0.7140746712684631,1.4597,22.1716,23.6313
best budget laptops under $500 in 2026,fixed_size,False,False,top_score_below_threshold (0.168 < 0.28),0.16762475669384003,0.9753,34.0359,35.0112
best budget laptops under $500 in 2026,semantic_sentence_boundary,False,False,top_score_below_threshold (0.210 < 0.28),0.2096555233001709,0.9199,26.7427,27.6626
best budget laptops under $500 in 2026,metadata_aware,False,False,top_score_below_threshold (0.203 < 0.28),0.20298197865486145,1.0381,20.89,21.9281
దీని గురించి ఇక్కడ మరింత తెలుసుకోండి.,fixed_size,True,True,ok,0.4465358853340149,1.7202,34.417,36.1372
దీని గురించి ఇక్కడ మరింత తెలుసుకోండి.,semantic_sentence_boundary,True,True,ok,0.3719322681427002,1.0357,25.1915,26.2272
దీని గురించి ఇక్కడ మరింత తెలుసుకోండి.,metadata_aware,True,True,ok,0.32954755425453186,1.2237,25.7906,27.0143
"২০১২ সালের ৭ই ডিসেম্বর, যখন অ্যাপল অ্যাপ স্টোরে রবলক্স মোবাইল অ্যাপটি আপডেট করা হয়েছিল, তখন রবলক্স চতুর্থ প্রজন্মের এবং তার বাইরের আইপড এবং আইফোনের জন্য সমর্থনের পরিবর্তে শুধুমাত্র চতুর্থ প্রজন্মের আইফোন এবং আইপড ৫-এর জন্য সমর্থন করার সিদ্ধান্ত নিয়েছিল।",fixed_size,True,True,ok,0.9560088515281677,1.3618,38.3217,39.6835
"২০১২ সালের ৭ই ডিসেম্বর, যখন অ্যাপল অ্যাপ স্টোরে রবলক্স মোবাইল অ্যাপটি আপডেট করা হয়েছিল, তখন রবলক্স চতুর্থ প্রজন্মের এবং তার বাইরের আইপড এবং আইফোনের জন্য সমর্থনের পরিবর্তে শুধুমাত্র চতুর্থ প্রজন্মের আইফোন এবং আইপড ৫-এর জন্য সমর্থন করার সিদ্ধান্ত নিয়েছিল।",semantic_sentence_boundary,True,True,ok,1.0,1.6823,26.9323,28.6146
"২০১২ সালের ৭ই ডিসেম্বর, যখন অ্যাপল অ্যাপ স্টোরে রবলক্স মোবাইল অ্যাপটি আপডেট করা হয়েছিল, তখন রবলক্স চতুর্থ প্রজন্মের এবং তার বাইরের আইপড এবং আইফোনের জন্য সমর্থনের পরিবর্তে শুধুমাত্র চতুর্থ প্রজন্মের আইফোন এবং আইপড ৫-এর জন্য সমর্থন করার সিদ্ধান্ত নিয়েছিল।",metadata_aware,True,True,ok,1.0,1.9068,24.681,26.5878
"పైన ఉన్న పటం నుండి మీరు పసుపు రంగు ప్రాంతంలో నివసిస్తున్నట్లయితే, మీకు రోజుకు సగటున 5 నుండి 6 గంటల పాటు ఎక్కువ సూర్యరశ్మి లభిస్తుందని చూడవచ్చు.",fixed_size,True,True,ok,0.8522597551345825,1.3381,38.4434,39.7815
"పైన ఉన్న పటం నుండి మీరు పసుపు రంగు ప్రాంతంలో నివసిస్తున్నట్లయితే, మీకు రోజుకు సగటున 5 నుండి 6 గంటల పాటు ఎక్కువ సూర్యరశ్మి లభిస్తుందని చూడవచ్చు.",semantic_sentence_boundary,True,True,ok,0.8282628059387207,1.1775,25.7828,26.9603
"పైన ఉన్న పటం నుండి మీరు పసుపు రంగు ప్రాంతంలో నివసిస్తున్నట్లయితే, మీకు రోజుకు సగటున 5 నుండి 6 గంటల పాటు ఎక్కువ సూర్యరశ్మి లభిస్తుందని చూడవచ్చు.",metadata_aware,True,True,ok,0.6409518718719482,1.3985,22.7519,24.1504
"প্রথম প্রতিষ্ঠান থেকে স্নাতক হার স্বাভাবিক সময়ের ১৫০ শতাংশের মধ্যে প্রথমবার, পূর্ণকালীন ডিগ্রি/সার্টিফিকেট চাওয়া শিক্ষার্থীদের জন্য ২-বছরের উচ্চতর শিক্ষার প্রতিষ্ঠানে...: নির্বাচিত কোহর্ট প্রবেশ বছর, ২০০০ থেকে ২০১০।",fixed_size,True,True,ok,1.0,1.4787,33.5496,35.0283
"প্রথম প্রতিষ্ঠান থেকে স্নাতক হার স্বাভাবিক সময়ের ১৫০ শতাংশের মধ্যে প্রথমবার, পূর্ণকালীন ডিগ্রি/সার্টিফিকেট চাওয়া শিক্ষার্থীদের জন্য ২-বছরের উচ্চতর শিক্ষার প্রতিষ্ঠানে...: নির্বাচিত কোহর্ট প্রবেশ বছর, ২০০০ থেকে ২০১০।",semantic_sentence_boundary,True,True,ok,1.0,1.4773,24.7796,26.2569
"প্রথম প্রতিষ্ঠান থেকে স্নাতক হার স্বাভাবিক সময়ের ১৫০ শতাংশের মধ্যে প্রথমবার, পূর্ণকালীন ডিগ্রি/সার্টিফিকেট চাওয়া শিক্ষার্থীদের জন্য ২-বছরের উচ্চতর শিক্ষার প্রতিষ্ঠানে...: নির্বাচিত কোহর্ট প্রবেশ বছর, ২০০০ থেকে ২০১০।",metadata_aware,True,True,ok,1.0,2.2834,27.1689,29.4523
"ஏற்கனவே ஃபோசமாக்ஸ், போனிவா அல்லது பிற பைஸாஃபோச்போனேட்டுகள் மருந்துகளை எடுத்துக்கொண்டிருக்கும் எலும்புப்புரை நோயாளிகள், ஐந்து ஆண்டுகள் பயன்படுத்திய பிறகு ""மருந்து விடுமுறை"" எடுத்துக்கொள்வதைக் கருத்தில் கொள்ளலாம்.",fixed_size,True,True,ok,1.0,1.4984,37.1435,38.6419
"ஏற்கனவே ஃபோசமாக்ஸ், போனிவா அல்லது பிற பைஸாஃபோச்போனேட்டுகள் மருந்துகளை எடுத்துக்கொண்டிருக்கும் எலும்புப்புரை நோயாளிகள், ஐந்து ஆண்டுகள் பயன்படுத்திய பிறகு ""மருந்து விடுமுறை"" எடுத்துக்கொள்வதைக் கருத்தில் கொள்ளலாம்.",semantic_sentence_boundary,True,True,ok,1.0,1.8341,24.6505,26.4846
"ஏற்கனவே ஃபோசமாக்ஸ், போனிவா அல்லது பிற பைஸாஃபோச்போனேட்டுகள் மருந்துகளை எடுத்துக்கொண்டிருக்கும் எலும்புப்புரை நோயாளிகள், ஐந்து ஆண்டுகள் பயன்படுத்திய பிறகு ""மருந்து விடுமுறை"" எடுத்துக்கொள்வதைக் கருத்தில் கொள்ளலாம்.",metadata_aware,True,True,ok,1.0,1.3482,19.7127,21.0609
লিজিয়নের অনুসারীরা আপনার জন্য কোনও মিশনে যোগ দেওয়ার জন্য তাদের স্কাউটিং মিশনে পাঠানোর চেয়ে ভুল।,fixed_size,True,True,ok,0.7458534836769104,1.2832,32.5097,33.7929
লিজিয়নের অনুসারীরা আপনার জন্য কোনও মিশনে যোগ দেওয়ার জন্য তাদের স্কাউটিং মিশনে পাঠানোর চেয়ে ভুল।,semantic_sentence_boundary,True,True,ok,0.7128124237060547,1.1328,25.3873,26.5201
লিজিয়নের অনুসারীরা আপনার জন্য কোনও মিশনে যোগ দেওয়ার জন্য তাদের স্কাউটিং মিশনে পাঠানোর চেয়ে ভুল।,metadata_aware,True,True,ok,0.7128124237060547,1.344,21.0319,22.3759
कितने खर्च होते हैं यू.एस.एक्स. गेम्स?,fixed_size,True,True,ok,0.4249659776687622,0.98,34.8231,35.8031
कितने खर्च होते हैं यू.एस.एक्स. गेम्स?,semantic_sentence_boundary,True,True,ok,0.38750767707824707,1.121,25.1738,26.2948
कितने खर्च होते हैं यू.एस.एक्स. गेम्स?,metadata_aware,True,True,ok,0.38750767707824707,0.9541,24.0707,25.0248
1 एलएलसी के मालिक या सदस्य को तीन तरीकों से आयकर दिया जा सकता है: 2 एकल मालिक एलएलसी को कर उद्देश्यों के लिए अनुसूची सी (एकल स्वामी) के रूप में माना जाता है।,fixed_size,True,True,ok,0.9386992454528809,1.18,30.5683,31.7483
1 एलएलसी के मालिक या सदस्य को तीन तरीकों से आयकर दिया जा सकता है: 2 एकल मालिक एलएलसी को कर उद्देश्यों के लिए अनुसूची सी (एकल स्वामी) के रूप में माना जाता है।,semantic_sentence_boundary,True,True,ok,0.9386992454528809,1.0629,24.5866,25.6495
1 एलएलसी के मालिक या सदस्य को तीन तरीकों से आयकर दिया जा सकता है: 2 एकल मालिक एलएलसी को कर उद्देश्यों के लिए अनुसूची सी (एकल स्वामी) के रूप में माना जाता है।,metadata_aware,True,True,ok,0.9386992454528809,1.2843,24.6342,25.9185
"जिन स्नातकों ने 2 साल के सार्वजनिक संस्थान में पढ़ाई शुरू की और बाद में स्नातक की डिग्री प्राप्त की, उन्हें डिग्री प्राप्त करने में औसतन 63 महीने का समय लगा।",fixed_size,True,True,ok,0.9999998807907104,1.1455,36.7232,37.8687
"जिन स्नातकों ने 2 साल के सार्वजनिक संस्थान में पढ़ाई शुरू की और बाद में स्नातक की डिग्री प्राप्त की, उन्हें डिग्री प्राप्त करने में औसतन 63 महीने का समय लगा।",semantic_sentence_boundary,True,True,ok,0.9999998807907104,1.6163,23.0165,24.6328
"जिन स्नातकों ने 2 साल के सार्वजनिक संस्थान में पढ़ाई शुरू की और बाद में स्नातक की डिग्री प्राप्त की, उन्हें डिग्री प्राप्त करने में औसतन 63 महीने का समय लगा।",metadata_aware,True,True,ok,0.9999998807907104,1.17,23.1266,24.2966
నిర్వచనం అనేది అనుమానాస్పదంగా,fixed_size,True,True,ok,0.3101515471935272,1.3846,38.2535,39.6381
నిర్వచనం అనేది అనుమానాస్పదంగా,semantic_sentence_boundary,True,False,top_score_below_threshold (0.253 < 0.28),0.2525295615196228,1.3031,22.5542,23.8573
నిర్వచనం అనేది అనుమానాస్పదంగా,metadata_aware,True,False,top_score_below_threshold (0.280 < 0.28),0.2797130048274994,0.9246,21.8479,22.7725
"যদি একটি অভ্যন্তরীণ লিঙ্ক আপনাকে এখানে নিয়ে যায়, তাহলে আপনি লিঙ্কটি পরিবর্তন করতে চাইতে পারেন যাতে সরাসরি উদ্দেশ্যমূলক নিবন্ধটি নির্দেশ করা হয়।",fixed_size,True,True,ok,0.7279747128486633,1.3918,33.6605,35.0523
"যদি একটি অভ্যন্তরীণ লিঙ্ক আপনাকে এখানে নিয়ে যায়, তাহলে আপনি লিঙ্কটি পরিবর্তন করতে চাইতে পারেন যাতে সরাসরি উদ্দেশ্যমূলক নিবন্ধটি নির্দেশ করা হয়।",semantic_sentence_boundary,True,True,ok,0.7799230813980103,1.3406,27.096,28.4366
"যদি একটি অভ্যন্তরীণ লিঙ্ক আপনাকে এখানে নিয়ে যায়, তাহলে আপনি লিঙ্কটি পরিবর্তন করতে চাইতে পারেন যাতে সরাসরি উদ্দেশ্যমূলক নিবন্ধটি নির্দেশ করা হয়।",metadata_aware,True,True,ok,0.7799230813980103,1.3774,22.1023,23.4797
दोनों समितियां वर्तमान में कथित संबंधों की जांच का नेतृत्व कर रही हैं।,fixed_size,True,True,ok,0.8208429217338562,1.0911,34.9775,36.0686
दोनों समितियां वर्तमान में कथित संबंधों की जांच का नेतृत्व कर रही हैं।,semantic_sentence_boundary,True,True,ok,0.8208429217338562,1.3824,27.3918,28.7742
दोनों समितियां वर्तमान में कथित संबंधों की जांच का नेतृत्व कर रही हैं।,metadata_aware,True,True,ok,0.8208429217338562,1.1078,26.8638,27.9716
"टुडे: ""ट्रम्प और उनके व्यवसायों से जुड़े 4,000 से अधिक मुकदमों में से कम से कम 75 मुकदमे अभी भी खुले हैं।"" यू.एस.ए.",fixed_size,True,True,ok,0.8684157729148865,1.1092,33.6746,34.7838
"टुडे: ""ट्रम्प और उनके व्यवसायों से जुड़े 4,000 से अधिक मुकदमों में से कम से कम 75 मुकदमे अभी भी खुले हैं।"" यू.एस.ए.",semantic_sentence_boundary,True,True,ok,0.8020147085189819,1.1955,21.4382,22.6337
"टुडे: ""ट्रम्प और उनके व्यवसायों से जुड़े 4,000 से अधिक मुकदमों में से कम से कम 75 मुकदमे अभी भी खुले हैं।"" यू.एस.ए.",metadata_aware,True,True,ok,0.8020147085189819,1.124,20.1601,21.2841
"ధరలు, జానర్ మరియు మరిన్ని గేమ్ డేటాతో ఎక్స్‌బాక్స్ 360 ధర మార్గదర్శిని డౌన్‌లోడ్ చేయండి.",fixed_size,True,True,ok,0.8608308434486389,1.0411,29.5672,30.6083
"ధరలు, జానర్ మరియు మరిన్ని గేమ్ డేటాతో ఎక్స్‌బాక్స్ 360 ధర మార్గదర్శిని డౌన్‌లోడ్ చేయండి.",semantic_sentence_boundary,True,True,ok,0.8327046036720276,1.5214,23.848,25.3694
"ధరలు, జానర్ మరియు మరిన్ని గేమ్ డేటాతో ఎక్స్‌బాక్స్ 360 ధర మార్గదర్శిని డౌన్‌లోడ్ చేయండి.",metadata_aware,True,True,ok,0.8327046036720276,1.0412,17.1078,18.149
What is the offside rule in football?,fixed_size,False,False,top_score_below_threshold (0.149 < 0.28),0.14870929718017578,0.8004,20.5566,21.357
What is the offside rule in football?,semantic_sentence_boundary,False,False,top_score_below_threshold (0.098 < 0.28),0.09768586605787277,0.8058,13.8572,14.663
What is the offside rule in football?,metadata_aware,False,False,top_score_below_threshold (0.130 < 0.28),0.12971210479736328,0.8768,12.7319,13.6087
रेचल कार्सन ने क्यों एक दायित्व बर्दाश्त करने के लिए लिखा,fixed_size,True,True,ok,0.4252347946166992,0.9751,17.0482,18.0233
रेचल कार्सन ने क्यों एक दायित्व बर्दाश्त करने के लिए लिखा,semantic_sentence_boundary,True,True,ok,0.4203989505767822,0.8908,16.0325,16.9233
रेचल कार्सन ने क्यों एक दायित्व बर्दाश्त करने के लिए लिखा,metadata_aware,True,True,ok,0.4203989505767822,1.0718,15.4135,16.4853
"சிறுநீரக நோய் உள்ளவர்களுக்கு இன்னும் ஏராளமான ஊட்டச்சத்து மிக்க, சுவையான, குறைந்த பொட்டாசியம் கொண்ட விருப்பங்கள் உள்ளன என்று ஆர்முல் கூறுகிறது.",fixed_size,True,True,ok,0.9112223386764526,1.1572,27.74,28.8972
"சிறுநீரக நோய் உள்ளவர்களுக்கு இன்னும் ஏராளமான ஊட்டச்சத்து மிக்க, சுவையான, குறைந்த பொட்டாசியம் கொண்ட விருப்பங்கள் உள்ளன என்று ஆர்முல் கூறுகிறது.",semantic_sentence_boundary,True,True,ok,1.0,1.6173,13.976,15.5933
"சிறுநீரக நோய் உள்ளவர்களுக்கு இன்னும் ஏராளமான ஊட்டச்சத்து மிக்க, சுவையான, குறைந்த பொட்டாசியம் கொண்ட விருப்பங்கள் உள்ளன என்று ஆர்முல் கூறுகிறது.",metadata_aware,True,True,ok,0.7459108829498291,1.049,16.9288,17.9778
"মারবাদী ঘাড়ের বিচ্ছেদের সবচেয়ে বড় ঝুঁকি হল ঘাড়ের স্নায়ু, পেশী এবং শিরার ক্ষতি।",fixed_size,True,True,ok,0.7317707538604736,0.7544,14.5095,15.2639
"মারবাদী ঘাড়ের বিচ্ছেদের সবচেয়ে বড় ঝুঁকি হল ঘাড়ের স্নায়ু, পেশী এবং শিরার ক্ষতি।",semantic_sentence_boundary,True,True,ok,0.723869264125824,0.7166,14.9653,15.6819
"মারবাদী ঘাড়ের বিচ্ছেদের সবচেয়ে বড় ঝুঁকি হল ঘাড়ের স্নায়ু, পেশী এবং শিরার ক্ষতি।",metadata_aware,True,True,ok,0.723869264125824,1.0731,11.5233,12.5964
সৌর প্যানেলগুলি যেখানেই সূর্য থাকবে সেখানেই কাজ করবে; তবে কিছু অবস্থান অন্যদের চেয়ে ভালো।,fixed_size,True,True,ok,0.663805365562439,0.7242,17.164,17.8882
সৌর প্যানেলগুলি যেখানেই সূর্য থাকবে সেখানেই কাজ করবে; তবে কিছু অবস্থান অন্যদের চেয়ে ভালো।,semantic_sentence_boundary,True,True,ok,0.6712053418159485,0.7669,10.1345,10.9014
সৌর প্যানেলগুলি যেখানেই সূর্য থাকবে সেখানেই কাজ করবে; তবে কিছু অবস্থান অন্যদের চেয়ে ভালো।,metadata_aware,True,True,ok,0.6712053418159485,0.678,9.1579,9.8359
"అన్ని జీవుల మాదిరిగానే, మానవులు తమ పరిసరాలను వనరుల కోసం దోపిడీ చేస్తారు.",fixed_size,True,True,ok,0.6797932386398315,0.6387,32.228,32.8667
"అన్ని జీవుల మాదిరిగానే, మానవులు తమ పరిసరాలను వనరుల కోసం దోపిడీ చేస్తారు.",semantic_sentence_boundary,True,True,ok,0.6687966585159302,1.1123,25.8889,27.0012
"అన్ని జీవుల మాదిరిగానే, మానవులు తమ పరిసరాలను వనరుల కోసం దోపిడీ చేస్తారు.",metadata_aware,True,True,ok,0.6687966585159302,1.0563,26.8744,27.9307
ఇంపీరియల్ పింట్ 20 ఔన్సులు - రెండున్నర కప్పులు.,fixed_size,True,True,ok,0.6823941469192505,0.9676,33.6615,34.6291
ఇంపీరియల్ పింట్ 20 ఔన్సులు - రెండున్నర కప్పులు.,semantic_sentence_boundary,True,True,ok,0.6667368412017822,1.0152,23.3137,24.3289
ఇంపీరియల్ పింట్ 20 ఔన్సులు - రెండున్నర కప్పులు.,metadata_aware,True,True,ok,0.6667368412017822,1.0122,20.0156,21.0278
"ఈ సంవత్సరం స్టాన్లీ కప్ ప్లేఆఫ్‌లలో ఇప్పటికీ 16 జట్లు ఉన్నాయి, ఒక్కో కాన్ఫరెన్స్‌కు ఎనిమిది ఉన్నాయి.",fixed_size,True,True,ok,0.7435374855995178,0.828,19.189,20.017
"ఈ సంవత్సరం స్టాన్లీ కప్ ప్లేఆఫ్‌లలో ఇప్పటికీ 16 జట్లు ఉన్నాయి, ఒక్కో కాన్ఫరెన్స్‌కు ఎనిమిది ఉన్నాయి.",semantic_sentence_boundary,True,True,ok,0.7556999921798706,1.2858,14.6864,15.9722
"ఈ సంవత్సరం స్టాన్లీ కప్ ప్లేఆఫ్‌లలో ఇప్పటికీ 16 జట్లు ఉన్నాయి, ఒక్కో కాన్ఫరెన్స్‌కు ఎనిమిది ఉన్నాయి.",metadata_aware,True,True,ok,0.7556999921798706,0.8336,11.5242,12.3578
"சிஸ்லி மரிஜுவானா பற்றிய முதல் எஃப்டிஏ அங்கீகாரம் பெற்ற ஆய்வைப் பெறுவதற்காக பணியாற்றி வருகிறார், சிஸ்லி தனது முன்னோடிகள் மரிஜுவானாவை மருத்துவ ரீதியாகப் பயன்படுத்தினர் என்று தெளிவாகத் தெரிந்தது, ஆனால் நீண்ட காலமாக ராணுவ வீரர்களிடையே மரிஜுவானா பயன்பாடு அமெரிக்காவின் ஆபத்தான பொருளாக மாறியது.",fixed_size,True,True,ok,0.9162639379501343,0.9557,20.8144,21.7701
"சிஸ்லி மரிஜுவானா பற்றிய முதல் எஃப்டிஏ அங்கீகாரம் பெற்ற ஆய்வைப் பெறுவதற்காக பணியாற்றி வருகிறார், சிஸ்லி தனது முன்னோடிகள் மரிஜுவானாவை மருத்துவ ரீதியாகப் பயன்படுத்தினர் என்று தெளிவாகத் தெரிந்தது, ஆனால் நீண்ட காலமாக ராணுவ வீரர்களிடையே மரிஜுவானா பயன்பாடு அமெரிக்காவின் ஆபத்தான பொருளாக மாறியது.",semantic_sentence_boundary,True,True,ok,1.000000238418579,0.9235,17.3561,18.2796
"சிஸ்லி மரிஜுவானா பற்றிய முதல் எஃப்டிஏ அங்கீகாரம் பெற்ற ஆய்வைப் பெறுவதற்காக பணியாற்றி வருகிறார், சிஸ்லி தனது முன்னோடிகள் மரிஜுவானாவை மருத்துவ ரீதியாகப் பயன்படுத்தினர் என்று தெளிவாகத் தெரிந்தது, ஆனால் நீண்ட காலமாக ராணுவ வீரர்களிடையே மரிஜுவானா பயன்பாடு அமெரிக்காவின் ஆபத்தான பொருளாக மாறியது.",metadata_aware,True,True,ok,1.000000238418579,1.474,21.5335,23.0075
వెట్స్ 4 ఫ్రీడమ్స్ సంస్థ వ్యవస్థాపకుడు జాన్ ఎవాన్స్.,fixed_size,True,True,ok,0.7807825803756714,1.1822,30.0015,31.1837
వెట్స్ 4 ఫ్రీడమ్స్ సంస్థ వ్యవస్థాపకుడు జాన్ ఎవాన్స్.,semantic_sentence_boundary,True,True,ok,1.0,1.2792,24.7801,26.0593
వెట్స్ 4 ఫ్రీడమ్స్ సంస్థ వ్యవస్థాపకుడు జాన్ ఎవాన్స్.,metadata_aware,True,True,ok,0.4605572819709778,1.2677,23.484,24.7517
১২৮ আউন্স হল ১৬ কাপ যা ৮ পিন্ট যা ৪ কোয়ার্ট যা ১ গ্যালন।,fixed_size,True,True,ok,0.8681535720825195,1.1226,31.3486,32.4712
১২৮ আউন্স হল ১৬ কাপ যা ৮ পিন্ট যা ৪ কোয়ার্ট যা ১ গ্যালন।,semantic_sentence_boundary,True,True,ok,0.8681535720825195,0.657,26.141,26.798
১২৮ আউন্স হল ১৬ কাপ যা ৮ পিন্ট যা ৪ কোয়ার্ট যা ১ গ্যালন।,metadata_aware,True,True,ok,0.8681535720825195,1.1383,21.4886,22.6269
ক্যান্সারের পরিমাণের উপর নির্ভর করে ঘাড়ের ডিসেকশনে পার্থক্য রয়েছে।,fixed_size,True,True,ok,0.7387962341308594,1.2144,32.7012,33.9156
ক্যান্সারের পরিমাণের উপর নির্ভর করে ঘাড়ের ডিসেকশনে পার্থক্য রয়েছে।,semantic_sentence_boundary,True,True,ok,0.7139519453048706,2.1603,25.8673,28.0276
ক্যান্সারের পরিমাণের উপর নির্ভর করে ঘাড়ের ডিসেকশনে পার্থক্য রয়েছে।,metadata_aware,True,True,ok,0.7139519453048706,1.0233,21.8571,22.8804
"ఈ డబ్బు దుకాణం వెబ్‌సైట్‌ను నవీకరించడానికి వెళుతుంది, ఇది 90% అమ్మకాలను నడుపుతుంది.",fixed_size,True,True,ok,0.6479619741439819,1.0388,34.8091,35.8479
"ఈ డబ్బు దుకాణం వెబ్‌సైట్‌ను నవీకరించడానికి వెళుతుంది, ఇది 90% అమ్మకాలను నడుపుతుంది.",semantic_sentence_boundary,True,True,ok,0.7011761665344238,1.241,25.8235,27.0645
"ఈ డబ్బు దుకాణం వెబ్‌సైట్‌ను నవీకరించడానికి వెళుతుంది, ఇది 90% అమ్మకాలను నడుపుతుంది.",metadata_aware,True,True,ok,0.649224042892456,1.2407,20.5887,21.8294
பறவைகள் ஒரு இரையைத் துரத்தும்போது அல்லது ஒரு பிரதேசத்தைப் பாதுகாக்க பந்தயத்தில் ஈடுபடும்போது அல்லது வேகத்திற்கும் தூரத்திற்கும் இடையே சில சமரசத்தைத் தேர்வு செய்யலாம்.,fixed_size,True,True,ok,1.000000238418579,1.3243,30.8466,32.1709
பறவைகள் ஒரு இரையைத் துரத்தும்போது அல்லது ஒரு பிரதேசத்தைப் பாதுகாக்க பந்தயத்தில் ஈடுபடும்போது அல்லது வேகத்திற்கும் தூரத்திற்கும் இடையே சில சமரசத்தைத் தேர்வு செய்யலாம்.,semantic_sentence_boundary,True,True,ok,1.000000238418579,2.0173,25.7491,27.7664
பறவைகள் ஒரு இரையைத் துரத்தும்போது அல்லது ஒரு பிரதேசத்தைப் பாதுகாக்க பந்தயத்தில் ஈடுபடும்போது அல்லது வேகத்திற்கும் தூரத்திற்கும் இடையே சில சமரசத்தைத் தேர்வு செய்யலாம்.,metadata_aware,True,True,ok,0.7704185247421265,1.3885,27.5648,28.9533
"ஸ்ட்ரதர்ஸ் உயர்நிலைப் பள்ளி முதுநிலையினர் - புதிய $8,000 உதவித்தொகைக்கு விண்ணப்பிக்கவும்.",fixed_size,True,True,ok,0.8735716342926025,1.7346,36.0549,37.7895
"ஸ்ட்ரதர்ஸ் உயர்நிலைப் பள்ளி முதுநிலையினர் - புதிய $8,000 உதவித்தொகைக்கு விண்ணப்பிக்கவும்.",semantic_sentence_boundary,True,True,ok,0.8689019680023193,1.2107,26.6036,27.8143
"ஸ்ட்ரதர்ஸ் உயர்நிலைப் பள்ளி முதுநிலையினர் - புதிய $8,000 உதவித்தொகைக்கு விண்ணப்பிக்கவும்.",metadata_aware,True,True,ok,0.8623232841491699,1.5181,24.9044,26.4225
2.,fixed_size,True,False,top_score_below_threshold (0.187 < 0.28),0.18711338937282562,0.9208,43.421,44.3418
2.,semantic_sentence_boundary,True,False,top_score_below_threshold (0.162 < 0.28),0.1618499457836151,0.8801,24.2881,25.1682
2.,metadata_aware,True,False,top_score_below_threshold (0.210 < 0.28),0.20975613594055176,0.9072,27.5721,28.4793
"ভিডিও: সমাজবিজ্ঞানে বস্তুগত সংস্কৃতি: সংজ্ঞা, অধ্যয়ন ও উদাহরণ।",fixed_size,True,True,ok,0.7700517177581787,1.2805,26.0519,27.3324
"ভিডিও: সমাজবিজ্ঞানে বস্তুগত সংস্কৃতি: সংজ্ঞা, অধ্যয়ন ও উদাহরণ।",semantic_sentence_boundary,True,True,ok,0.7301080822944641,1.052,17.4018,18.4538
"ভিডিও: সমাজবিজ্ঞানে বস্তুগত সংস্কৃতি: সংজ্ঞা, অধ্যয়ন ও উদাহরণ।",metadata_aware,True,True,ok,0.7301080822944641,0.858,11.158,12.016
নোঙ্গর - জলে জাহাজটিকে বিশ্রাম দেওয়ার জন্য একটি ভারী হুক-আকৃতির যন্ত্র।,fixed_size,True,True,ok,0.6896506547927856,0.7504,15.8307,16.5811
নোঙ্গর - জলে জাহাজটিকে বিশ্রাম দেওয়ার জন্য একটি ভারী হুক-আকৃতির যন্ত্র।,semantic_sentence_boundary,True,True,ok,0.6849546432495117,0.7517,10.6028,11.3545
নোঙ্গর - জলে জাহাজটিকে বিশ্রাম দেওয়ার জন্য একটি ভারী হুক-আকৃতির যন্ত্র।,metadata_aware,True,True,ok,0.6849546432495117,0.7266,8.9618,9.6884
"তৃতীয় বার, বার তাঁর ২০১৬ সালের পুনর্নির্বাচনী প্রচারণার সময় ট্রাম্পের সাথে নিজেকে যুক্ত করেছিলেন।",fixed_size,True,True,ok,0.9536101222038269,0.6604,16.6698,17.3302
"তৃতীয় বার, বার তাঁর ২০১৬ সালের পুনর্নির্বাচনী প্রচারণার সময় ট্রাম্পের সাথে নিজেকে যুক্ত করেছিলেন।",semantic_sentence_boundary,True,True,ok,0.7336138486862183,0.7444,10.1683,10.9127
"তৃতীয় বার, বার তাঁর ২০১৬ সালের পুনর্নির্বাচনী প্রচারণার সময় ট্রাম্পের সাথে নিজেকে যুক্ত করেছিলেন।",metadata_aware,True,True,ok,0.7336138486862183,0.7182,10.5723,11.2905
How do I fix a flat tire on my bicycle?,fixed_size,False,False,top_score_below_threshold (0.190 < 0.28),0.19044342637062073,0.8946,19.0251,19.9197
How do I fix a flat tire on my bicycle?,semantic_sentence_boundary,False,False,top_score_below_threshold (0.207 < 0.28),0.20736640691757202,0.6017,9.9773,10.579
How do I fix a flat tire on my bicycle?,metadata_aware,False,False,top_score_below_threshold (0.134 < 0.28),0.13400299847126007,0.6678,12.4093,13.0771
সততা।,fixed_size,True,True,ok,0.6355682611465454,0.6923,13.9418,14.6341
সততা।,semantic_sentence_boundary,True,True,ok,0.6355682611465454,0.5804,10.2093,10.7897
সততা।,metadata_aware,True,True,ok,0.6355682611465454,0.6122,9.9034,10.5156
আপনার শুনানির জন্য আদালতে হাজির হন।,fixed_size,True,True,ok,0.49189966917037964,0.8389,13.4057,14.2446
আপনার শুনানির জন্য আদালতে হাজির হন।,semantic_sentence_boundary,True,True,ok,0.5570662021636963,0.6015,11.2719,11.8734
আপনার শুনানির জন্য আদালতে হাজির হন।,metadata_aware,True,True,ok,0.5570662021636963,0.7227,9.4254,10.1481
फ्रॉस्टफायर रिज फॉलोअर लोकेशन।,fixed_size,True,True,ok,0.7848243713378906,0.6116,13.4457,14.0573
फ्रॉस्टफायर रिज फॉलोअर लोकेशन।,semantic_sentence_boundary,True,True,ok,0.8483777642250061,0.6994,12.4612,13.1606
फ्रॉस्टफायर रिज फॉलोअर लोकेशन।,metadata_aware,True,True,ok,0.8483777642250061,0.6384,9.1683,9.8067
একটি ডিফল্ট ডেস্কটপ আইকন অপসারণ করতে আপনি যে আইকনগুলি আপনার ডেস্কটপ থেকে অপসারণ করতে চান তা আনচেক করুন এবং ৮ নং ধাপে যান (ধাপ ৮ এর নীচে স্ক্রিনশট দেখুন)।,fixed_size,True,True,ok,0.9327596426010132,0.7371,15.1185,15.8556
একটি ডিফল্ট ডেস্কটপ আইকন অপসারণ করতে আপনি যে আইকনগুলি আপনার ডেস্কটপ থেকে অপসারণ করতে চান তা আনচেক করুন এবং ৮ নং ধাপে যান (ধাপ ৮ এর নীচে স্ক্রিনশট দেখুন)।,semantic_sentence_boundary,True,True,ok,0.9585690498352051,0.7466,12.0894,12.836
একটি ডিফল্ট ডেস্কটপ আইকন অপসারণ করতে আপনি যে আইকনগুলি আপনার ডেস্কটপ থেকে অপসারণ করতে চান তা আনচেক করুন এবং ৮ নং ধাপে যান (ধাপ ৮ এর নীচে স্ক্রিনশট দেখুন)।,metadata_aware,True,True,ok,0.9585690498352051,1.2078,11.2435,12.4513
"ఆరు సీజన్లలో, ఇతర బడ్డింగ్ వ్యాపారాలు పెట్టుబడిదారులైన షార్క్‌ల నుండి పెద్ద మొత్తంలో నిధులు పొందాయి, కానీ ఒప్పందాలు ఎల్లప్పుడూ పని చేయవు.",fixed_size,True,True,ok,0.7642818093299866,0.8307,15.0164,15.8471
"ఆరు సీజన్లలో, ఇతర బడ్డింగ్ వ్యాపారాలు పెట్టుబడిదారులైన షార్క్‌ల నుండి పెద్ద మొత్తంలో నిధులు పొందాయి, కానీ ఒప్పందాలు ఎల్లప్పుడూ పని చేయవు.",semantic_sentence_boundary,True,True,ok,0.7962334156036377,1.0115,11.3048,12.3163
"ఆరు సీజన్లలో, ఇతర బడ్డింగ్ వ్యాపారాలు పెట్టుబడిదారులైన షార్క్‌ల నుండి పెద్ద మొత్తంలో నిధులు పొందాయి, కానీ ఒప్పందాలు ఎల్లప్పుడూ పని చేయవు.",metadata_aware,True,True,ok,0.7962334156036377,0.8902,9.0121,9.9023
"முதல் நிறுவனத்தில் இருந்து 150 சதவீத நேரத்திற்குள் பட்டம் பெறும் முதல் முறை, முழுநேர பட்டம்/சான்றிதழ் தேடும் மாணவர்கள் 2 ஆண்டு இடைநிலைக் கல்வி நிறுவனங்களில்...: தேர்ந்தெடுக்கப்பட்ட குழு நுழைவு ஆண்டுகள், 2000 முதல் 2010 வரை.",fixed_size,True,True,ok,0.9949977397918701,0.8108,18.1327,18.9435
"முதல் நிறுவனத்தில் இருந்து 150 சதவீத நேரத்திற்குள் பட்டம் பெறும் முதல் முறை, முழுநேர பட்டம்/சான்றிதழ் தேடும் மாணவர்கள் 2 ஆண்டு இடைநிலைக் கல்வி நிறுவனங்களில்...: தேர்ந்தெடுக்கப்பட்ட குழு நுழைவு ஆண்டுகள், 2000 முதல் 2010 வரை.",semantic_sentence_boundary,True,True,ok,1.0,0.8593,10.3133,11.1726
"முதல் நிறுவனத்தில் இருந்து 150 சதவீத நேரத்திற்குள் பட்டம் பெறும் முதல் முறை, முழுநேர பட்டம்/சான்றிதழ் தேடும் மாணவர்கள் 2 ஆண்டு இடைநிலைக் கல்வி நிறுவனங்களில்...: தேர்ந்தெடுக்கப்பட்ட குழு நுழைவு ஆண்டுகள், 2000 முதல் 2010 வரை.",metadata_aware,True,True,ok,1.0,0.9559,9.3733,10.3292
"காலநிலை பற்றிய ஆய்வு என்பது காலநிலையைப் பற்றிய ஆய்வு, அது ஒரு குறிப்பிட்ட காலகட்டத்தில் சராசரியாக வானிலை நிலைகள் என அறிவியல் ரீதியாக வரையறுக்கப்பட்டுள்ளது, மேலும் இது வளிமண்டல அறிவியலின் ஒரு கிளையாகும்.",fixed_size,True,True,ok,0.8133715391159058,1.222,16.1945,17.4165
"காலநிலை பற்றிய ஆய்வு என்பது காலநிலையைப் பற்றிய ஆய்வு, அது ஒரு குறிப்பிட்ட காலகட்டத்தில் சராசரியாக வானிலை நிலைகள் என அறிவியல் ரீதியாக வரையறுக்கப்பட்டுள்ளது, மேலும் இது வளிமண்டல அறிவியலின் ஒரு கிளையாகும்.",semantic_sentence_boundary,True,True,ok,0.9250850677490234,0.8204,10.1784,10.9988
"காலநிலை பற்றிய ஆய்வு என்பது காலநிலையைப் பற்றிய ஆய்வு, அது ஒரு குறிப்பிட்ட காலகட்டத்தில் சராசரியாக வானிலை நிலைகள் என அறிவியல் ரீதியாக வரையறுக்கப்பட்டுள்ளது, மேலும் இது வளிமண்டல அறிவியலின் ஒரு கிளையாகும்.",metadata_aware,True,True,ok,0.9250850677490234,0.7907,9.4899,10.2806
কতদিন করে ক্যান্টালুপ পাকাবে।,fixed_size,True,True,ok,0.4603148102760315,0.5915,23.3378,23.9293
কতদিন করে ক্যান্টালুপ পাকাবে।,semantic_sentence_boundary,True,True,ok,0.4792383015155792,0.6878,10.9373,11.6251
কতদিন করে ক্যান্টালুপ পাকাবে।,metadata_aware,True,True,ok,0.4792383015155792,0.9317,12.9425,13.8742
"தண்டு வறண்டு போகும்போது முலாம் பழம் பழுத்துவிடும், மேலும் உங்கள் கட்டைவிரலை அதன் மீது அழுத்தினால் முலாம் பழம் முதிர்ச்சியடைந்து அறுவடைக்கு தயாராக இருக்கும்.",fixed_size,True,True,ok,0.8795374631881714,0.8032,15.5426,16.3458
"தண்டு வறண்டு போகும்போது முலாம் பழம் பழுத்துவிடும், மேலும் உங்கள் கட்டைவிரலை அதன் மீது அழுத்தினால் முலாம் பழம் முதிர்ச்சியடைந்து அறுவடைக்கு தயாராக இருக்கும்.",semantic_sentence_boundary,True,True,ok,0.8828063011169434,0.8902,12.0217,12.9119
"தண்டு வறண்டு போகும்போது முலாம் பழம் பழுத்துவிடும், மேலும் உங்கள் கட்டைவிரலை அதன் மீது அழுத்தினால் முலாம் பழம் முதிர்ச்சியடைந்து அறுவடைக்கு தயாராக இருக்கும்.",metadata_aware,True,True,ok,0.8828063011169434,0.731,9.3209,10.0519
पहला आधिकारिक टीम अप एपिसोड पॉवर रेंजर्स ज़ेओ के रेंजर्स ऑफ टू वर्ल्ड्स (चौरिकी सेंटाई ओहरेंजर: ओले बनाम काकुरेंजर का एक रूपांतरण) में प्रदर्शित किया जाएगा और इसमें एक्विटियन रेंजर्स ज़ेओ रेंजर्स को मशीन साम्राज्य और इम्पुर्सनेटर के खिलाफ सहायता करते हुए दिखाया जाएगा।,fixed_size,True,True,ok,0.9577221274375916,0.9115,21.5655,22.477
पहला आधिकारिक टीम अप एपिसोड पॉवर रेंजर्स ज़ेओ के रेंजर्स ऑफ टू वर्ल्ड्स (चौरिकी सेंटाई ओहरेंजर: ओले बनाम काकुरेंजर का एक रूपांतरण) में प्रदर्शित किया जाएगा और इसमें एक्विटियन रेंजर्स ज़ेओ रेंजर्स को मशीन साम्राज्य और इम्पुर्सनेटर के खिलाफ सहायता करते हुए दिखाया जाएगा।,semantic_sentence_boundary,True,True,ok,0.9999999403953552,1.4365,23.4185,24.855
पहला आधिकारिक टीम अप एपिसोड पॉवर रेंजर्स ज़ेओ के रेंजर्स ऑफ टू वर्ल्ड्स (चौरिकी सेंटाई ओहरेंजर: ओले बनाम काकुरेंजर का एक रूपांतरण) में प्रदर्शित किया जाएगा और इसमें एक्विटियन रेंजर्स ज़ेओ रेंजर्स को मशीन साम्राज्य और इम्पुर्सनेटर के खिलाफ सहायता करते हुए दिखाया जाएगा।,metadata_aware,True,True,ok,0.9999999403953552,1.2876,20.952,22.2396
"যেহেতু সংস্কৃতি, জাতি এবং সমাজকে প্রায়শই পরস্পর পরিবর্তনশীলভাবে ব্যবহার করা হয়, তাই আমরা এই তিনটি ধারণার মধ্যেও পার্থক্য করি।",fixed_size,True,True,ok,0.6476695537567139,1.1797,36.9487,38.1284
"যেহেতু সংস্কৃতি, জাতি এবং সমাজকে প্রায়শই পরস্পর পরিবর্তনশীলভাবে ব্যবহার করা হয়, তাই আমরা এই তিনটি ধারণার মধ্যেও পার্থক্য করি।",semantic_sentence_boundary,True,True,ok,0.7814083099365234,1.3479,30.0747,31.4226
"যেহেতু সংস্কৃতি, জাতি এবং সমাজকে প্রায়শই পরস্পর পরিবর্তনশীলভাবে ব্যবহার করা হয়, তাই আমরা এই তিনটি ধারণার মধ্যেও পার্থক্য করি।",metadata_aware,True,True,ok,0.7814083099365234,1.7488,24.5559,26.3047
"तंत्रिका क्षति के परिणामस्वरूप गर्दन के विभिन्न क्षेत्रों में सुन्नता (या तो अस्थायी या स्थायी) और गर्दन, गले और कंधे के कुछ हिस्सों में कार्य (अस्थायी या स्थायी) की हानि हो सकती है।",fixed_size,True,True,ok,0.8492546081542969,1.3637,39.5254,40.8891
"तंत्रिका क्षति के परिणामस्वरूप गर्दन के विभिन्न क्षेत्रों में सुन्नता (या तो अस्थायी या स्थायी) और गर्दन, गले और कंधे के कुछ हिस्सों में कार्य (अस्थायी या स्थायी) की हानि हो सकती है।",semantic_sentence_boundary,True,True,ok,0.8946310877799988,1.7274,29.6095,31.3369
"तंत्रिका क्षति के परिणामस्वरूप गर्दन के विभिन्न क्षेत्रों में सुन्नता (या तो अस्थायी या स्थायी) और गर्दन, गले और कंधे के कुछ हिस्सों में कार्य (अस्थायी या स्थायी) की हानि हो सकती है।",metadata_aware,True,True,ok,0.8946310877799988,1.2894,23.2018,24.4912
కాథీ లీ సహ-హోస్ట్ హోడా కోట్‌బ్‌కు అటువంటి ట్రిస్ట్ మాత్రం మాజీ జెయింట్ ప్లేబుక్ నుండి బయటకు వస్తుందని చెప్పారు.,fixed_size,True,True,ok,0.7676690816879272,1.2689,35.7229,36.9918
కాథీ లీ సహ-హోస్ట్ హోడా కోట్‌బ్‌కు అటువంటి ట్రిస్ట్ మాత్రం మాజీ జెయింట్ ప్లేబుక్ నుండి బయటకు వస్తుందని చెప్పారు.,semantic_sentence_boundary,True,True,ok,0.9999999403953552,1.1852,34.6077,35.7929
కాథీ లీ సహ-హోస్ట్ హోడా కోట్‌బ్‌కు అటువంటి ట్రిస్ట్ మాత్రం మాజీ జెయింట్ ప్లేబుక్ నుండి బయటకు వస్తుందని చెప్పారు.,metadata_aware,True,True,ok,0.9999999403953552,0.7791,20.7461,21.5252
২ ভেষজগুলিকে সম্পূর্ণরূপে ঢেকে রাখতে এবং ভেষজের স্তরের প্রায় এক ইঞ্চি উপরে একটি বাহক তেল দিয়ে পূরণ করুন (ভেষজগুলি প্রসারিত হতে পারে তা নিশ্চিত করতে জারের উপরে কমপক্ষে এক ইঞ্চি রেখে দিন)।,fixed_size,True,True,ok,0.8137747049331665,1.2975,21.8206,23.1181
২ ভেষজগুলিকে সম্পূর্ণরূপে ঢেকে রাখতে এবং ভেষজের স্তরের প্রায় এক ইঞ্চি উপরে একটি বাহক তেল দিয়ে পূরণ করুন (ভেষজগুলি প্রসারিত হতে পারে তা নিশ্চিত করতে জারের উপরে কমপক্ষে এক ইঞ্চি রেখে দিন)।,semantic_sentence_boundary,True,True,ok,0.9143381118774414,1.2899,23.4379,24.7278
২ ভেষজগুলিকে সম্পূর্ণরূপে ঢেকে রাখতে এবং ভেষজের স্তরের প্রায় এক ইঞ্চি উপরে একটি বাহক তেল দিয়ে পূরণ করুন (ভেষজগুলি প্রসারিত হতে পারে তা নিশ্চিত করতে জারের উপরে কমপক্ষে এক ইঞ্চি রেখে দিন)।,metadata_aware,True,True,ok,0.9143381118774414,2.0357,21.8004,23.8361
ప్రాంతీయ కరెంట్ బారోమెట్రిక్ ప్రెజర్ మ్యాప్స్: అలబామా అలాస్కా అరిజోనా అర్కాన్సాస్ కాలిఫోర్నియా కనెక్టికట్ డెలావేర్ ఫ్లోరిడా జార్జియా హవాయి ఇడాహో ఇల్లినాయిస్ ఇండియానా కాన్సాస్ కెంటుకీ లూసియానా మైన్ మెరీల్యాండ్ మసాచుసెట్స్ మిషిగన్ మిస్సిసిపీ మోంటానా నెవాడా న్యూ హాంప్షైర్ న్యూ జెర్సీ న్యూ మెక్సికో న్యూయార్క్ నార్త్ కరోలినా నార్త్ డకోటా ఒహియో ఒరెగాన్.,fixed_size,True,True,ok,0.8462769985198975,1.0884,34.0704,35.1588
ప్రాంతీయ కరెంట్ బారోమెట్రిక్ ప్రెజర్ మ్యాప్స్: అలబామా అలాస్కా అరిజోనా అర్కాన్సాస్ కాలిఫోర్నియా కనెక్టికట్ డెలావేర్ ఫ్లోరిడా జార్జియా హవాయి ఇడాహో ఇల్లినాయిస్ ఇండియానా కాన్సాస్ కెంటుకీ లూసియానా మైన్ మెరీల్యాండ్ మసాచుసెట్స్ మిషిగన్ మిస్సిసిపీ మోంటానా నెవాడా న్యూ హాంప్షైర్ న్యూ జెర్సీ న్యూ మెక్సికో న్యూయార్క్ నార్త్ కరోలినా నార్త్ డకోటా ఒహియో ఒరెగాన్.,semantic_sentence_boundary,True,True,ok,1.000000238418579,1.5836,24.5804,26.164
ప్రాంతీయ కరెంట్ బారోమెట్రిక్ ప్రెజర్ మ్యాప్స్: అలబామా అలాస్కా అరిజోనా అర్కాన్సాస్ కాలిఫోర్నియా కనెక్టికట్ డెలావేర్ ఫ్లోరిడా జార్జియా హవాయి ఇడాహో ఇల్లినాయిస్ ఇండియానా కాన్సాస్ కెంటుకీ లూసియానా మైన్ మెరీల్యాండ్ మసాచుసెట్స్ మిషిగన్ మిస్సిసిపీ మోంటానా నెవాడా న్యూ హాంప్షైర్ న్యూ జెర్సీ న్యూ మెక్సికో న్యూయార్క్ నార్త్ కరోలినా నార్త్ డకోటా ఒహియో ఒరెగాన్.,metadata_aware,True,True,ok,1.000000238418579,2.1001,23.7714,25.8715
আপনি ৩ মাসের সরবরাহ বা ৮৪ সেট ফিল্টার ইয়োর লাইফ ন্যাজাল স্ক্রিন পাবেন।,fixed_size,True,True,ok,0.8276726007461548,1.0842,32.6088,33.693
আপনি ৩ মাসের সরবরাহ বা ৮৪ সেট ফিল্টার ইয়োর লাইফ ন্যাজাল স্ক্রিন পাবেন।,semantic_sentence_boundary,True,True,ok,0.8595819473266602,1.2412,25.1334,26.3746
আপনি ৩ মাসের সরবরাহ বা ৮৪ সেট ফিল্টার ইয়োর লাইফ ন্যাজাল স্ক্রিন পাবেন।,metadata_aware,True,True,ok,0.8595819473266602,1.0726,26.0401,27.1127
"""మీరు మీ గాజు అంచును చూడగలిగితే ఒత్తిడి పగులును గుర్తించడం సులభం"" అని ఆయన చెప్పారు.",fixed_size,True,True,ok,0.8308404684066772,1.3133,35.0469,36.3602
"""మీరు మీ గాజు అంచును చూడగలిగితే ఒత్తిడి పగులును గుర్తించడం సులభం"" అని ఆయన చెప్పారు.",semantic_sentence_boundary,True,True,ok,0.8148329257965088,1.1309,25.4494,26.5803
"""మీరు మీ గాజు అంచును చూడగలిగితే ఒత్తిడి పగులును గుర్తించడం సులభం"" అని ఆయన చెప్పారు.",metadata_aware,True,True,ok,0.8148329257965088,1.4106,23.7406,25.1512
একটি বিশাল কার্গো জাহাজের পেটের নিচে ডুবে যাওয়ার সময় আমি জাহাজের পাশ থেকে হাত নামিয়ে দেই।,fixed_size,True,True,ok,0.7863525152206421,1.0613,38.2889,39.3502
একটি বিশাল কার্গো জাহাজের পেটের নিচে ডুবে যাওয়ার সময় আমি জাহাজের পাশ থেকে হাত নামিয়ে দেই।,semantic_sentence_boundary,True,True,ok,0.7863525152206421,1.3865,26.7949,28.1814
একটি বিশাল কার্গো জাহাজের পেটের নিচে ডুবে যাওয়ার সময় আমি জাহাজের পাশ থেকে হাত নামিয়ে দেই।,metadata_aware,True,True,ok,0.7863525152206421,1.0893,24.3778,25.4671
"మూడవది నెబ్రాస్కాలోని లింకన్ సమీపంలోని బ్లఫ్ రోడ్ ల్యాండ్‌ఫిల్‌లో మేము కొలిచిన మీథేన్ ఉద్గారం; నాల్గవది, పీడనం మార్పు మీథేన్ ఉద్గారాన్ని ఎలా నియంత్రిస్తుందో చూపించడానికి కొన్ని ఫలితాలను ప్రదర్శిస్తాను; మరియు చివరిలో మా ఫలితాల నుండి కొన్ని చిక్కులను చర్చిస్తాను.",fixed_size,True,True,ok,0.9500212669372559,1.4858,41.1545,42.6403
"మూడవది నెబ్రాస్కాలోని లింకన్ సమీపంలోని బ్లఫ్ రోడ్ ల్యాండ్‌ఫిల్‌లో మేము కొలిచిన మీథేన్ ఉద్గారం; నాల్గవది, పీడనం మార్పు మీథేన్ ఉద్గారాన్ని ఎలా నియంత్రిస్తుందో చూపించడానికి కొన్ని ఫలితాలను ప్రదర్శిస్తాను; మరియు చివరిలో మా ఫలితాల నుండి కొన్ని చిక్కులను చర్చిస్తాను.",semantic_sentence_boundary,True,True,ok,1.0,1.5517,24.4331,25.9848
"మూడవది నెబ్రాస్కాలోని లింకన్ సమీపంలోని బ్లఫ్ రోడ్ ల్యాండ్‌ఫిల్‌లో మేము కొలిచిన మీథేన్ ఉద్గారం; నాల్గవది, పీడనం మార్పు మీథేన్ ఉద్గారాన్ని ఎలా నియంత్రిస్తుందో చూపించడానికి కొన్ని ఫలితాలను ప్రదర్శిస్తాను; మరియు చివరిలో మా ఫలితాల నుండి కొన్ని చిక్కులను చర్చిస్తాను.",metadata_aware,True,True,ok,1.0,2.0396,24.9231,26.9627
এখন আপনি আপনার ইবে ফিডে সোজা পাইপ অনুঘটক রূপান্তরক অনুসরণ করছেন।,fixed_size,True,True,ok,0.96204674243927,0.9946,34.2519,35.2465
এখন আপনি আপনার ইবে ফিডে সোজা পাইপ অনুঘটক রূপান্তরক অনুসরণ করছেন।,semantic_sentence_boundary,True,True,ok,0.8893096446990967,1.122,32.2814,33.4034
এখন আপনি আপনার ইবে ফিডে সোজা পাইপ অনুঘটক রূপান্তরক অনুসরণ করছেন।,metadata_aware,True,True,ok,0.8893096446990967,1.216,22.9568,24.1728
వాతావరణం మరియు వాతావరణ శాస్త్రాన్ని అధ్యయనం చేయడాన్ని వాతావరణ శాస్త్రం అంటారు.,fixed_size,True,True,ok,1.0,1.2127,38.1264,39.3391
వాతావరణం మరియు వాతావరణ శాస్త్రాన్ని అధ్యయనం చేయడాన్ని వాతావరణ శాస్త్రం అంటారు.,semantic_sentence_boundary,True,True,ok,1.0,1.2507,25.36,26.6107
వాతావరణం మరియు వాతావరణ శాస్త్రాన్ని అధ్యయనం చేయడాన్ని వాతావరణ శాస్త్రం అంటారు.,metadata_aware,True,True,ok,1.0,1.7052,25.0327,26.7379
"1 कप में 8 औंस होते हैं, इसलिए 2/3 कप का माप 5 1/3 औंस होता है।",fixed_size,True,True,ok,0.812038779258728,1.1068,38.9645,40.0713
"1 कप में 8 औंस होते हैं, इसलिए 2/3 कप का माप 5 1/3 औंस होता है।",semantic_sentence_boundary,True,True,ok,0.812038779258728,1.4344,24.7565,26.1909
"1 कप में 8 औंस होते हैं, इसलिए 2/3 कप का माप 5 1/3 औंस होता है।",metadata_aware,True,True,ok,0.812038779258728,1.3035,25.6145,26.918
"விரிவாக்கத்தின் அழுத்தம் கண்ணாடியின் வலிமையை மீறினால், ஒரு விரிசல் உருவாகும்.",fixed_size,True,True,ok,0.8745064735412598,1.0541,36.496,37.5501
"விரிவாக்கத்தின் அழுத்தம் கண்ணாடியின் வலிமையை மீறினால், ஒரு விரிசல் உருவாகும்.",semantic_sentence_boundary,True,True,ok,1.000000238418579,1.5234,25.1585,26.6819
"விரிவாக்கத்தின் அழுத்தம் கண்ணாடியின் வலிமையை மீறினால், ஒரு விரிசல் உருவாகும்.",metadata_aware,True,True,ok,0.7433929443359375,1.1302,18.0911,19.2213
రౌండ్ 3 (కాన్ఫరెన్స్ ఫైనల్స్): 4 జట్లు.,fixed_size,True,True,ok,0.5664404630661011,1.8418,45.082,46.9238
రౌండ్ 3 (కాన్ఫరెన్స్ ఫైనల్స్): 4 జట్లు.,semantic_sentence_boundary,True,True,ok,1.0,1.3993,30.3255,31.7248
రౌండ్ 3 (కాన్ఫరెన్స్ ఫైనల్స్): 4 జట్లు.,metadata_aware,True,True,ok,1.0,1.027,23.7943,24.8213
"ধাপ ১: উইন্ডোজ ৮ স্টার্ট স্ক্রিন থেকে, 'ডেস্কটপে সাধারণ আইকনগুলি দেখান বা লুকান' এর জন্য অনুসন্ধান করুন।",fixed_size,True,True,ok,0.7931991815567017,1.552,32.4807,34.0327
"ধাপ ১: উইন্ডোজ ৮ স্টার্ট স্ক্রিন থেকে, 'ডেস্কটপে সাধারণ আইকনগুলি দেখান বা লুকান' এর জন্য অনুসন্ধান করুন।",semantic_sentence_boundary,True,True,ok,0.7449120283126831,1.7827,27.5792,29.3619
"ধাপ ১: উইন্ডোজ ৮ স্টার্ট স্ক্রিন থেকে, 'ডেস্কটপে সাধারণ আইকনগুলি দেখান বা লুকান' এর জন্য অনুসন্ধান করুন।",metadata_aware,True,True,ok,0.7449120283126831,1.7305,27.5349,29.2654
కిలోవాట్లు మరియు వాట్లు రెండూ శక్తి బదిలీ రేటును వివరిస్తాయి; ఒక వాట్ అనేది సెకనుకు ఒక జౌల్‌గా నిర్వచించబడుతుంది.,fixed_size,True,True,ok,0.8117969632148743,1.1396,34.766,35.9056
కిలోవాట్లు మరియు వాట్లు రెండూ శక్తి బదిలీ రేటును వివరిస్తాయి; ఒక వాట్ అనేది సెకనుకు ఒక జౌల్‌గా నిర్వచించబడుతుంది.,semantic_sentence_boundary,True,True,ok,0.7798399925231934,1.4886,31.1448,32.6334
కిలోవాట్లు మరియు వాట్లు రెండూ శక్తి బదిలీ రేటును వివరిస్తాయి; ఒక వాట్ అనేది సెకనుకు ఒక జౌల్‌గా నిర్వచించబడుతుంది.,metadata_aware,True,True,ok,0.7798399925231934,1.512,27.5584,29.0704
"డెర్మటోఫైటోసిస్, రింగ్‌వర్మ్ అని కూడా పిలుస్తారు, ఇది చర్మంపై శిలీంధ్ర సంక్రమణ.",fixed_size,True,True,ok,0.6831839680671692,0.7796,38.9213,39.7009
"డెర్మటోఫైటోసిస్, రింగ్‌వర్మ్ అని కూడా పిలుస్తారు, ఇది చర్మంపై శిలీంధ్ర సంక్రమణ.",semantic_sentence_boundary,True,True,ok,0.5956590175628662,1.2324,26.7225,27.9549
"డెర్మటోఫైటోసిస్, రింగ్‌వర్మ్ అని కూడా పిలుస్తారు, ఇది చర్మంపై శిలీంధ్ర సంక్రమణ.",metadata_aware,True,True,ok,0.5956590175628662,1.3578,21.9198,23.2776
"స్టబ్‌హబ్ టెలిఫోన్ సర్వీస్ సెంటర్ యొక్క తపాలా మరియు అధికారిక చిరునామా, ఇమెయిల్ చిరునామా మరియు ఫోన్ నంబర్ (హెల్ప్‌లైన్) క్రింద ఇవ్వబడింది.",fixed_size,True,True,ok,0.9167521595954895,1.4761,38.1543,39.6304
"స్టబ్‌హబ్ టెలిఫోన్ సర్వీస్ సెంటర్ యొక్క తపాలా మరియు అధికారిక చిరునామా, ఇమెయిల్ చిరునామా మరియు ఫోన్ నంబర్ (హెల్ప్‌లైన్) క్రింద ఇవ్వబడింది.",semantic_sentence_boundary,True,True,ok,0.8900118470191956,1.1913,21.0684,22.2597
"స్టబ్‌హబ్ టెలిఫోన్ సర్వీస్ సెంటర్ యొక్క తపాలా మరియు అధికారిక చిరునామా, ఇమెయిల్ చిరునామా మరియు ఫోన్ నంబర్ (హెల్ప్‌లైన్) క్రింద ఇవ్వబడింది.",metadata_aware,True,True,ok,0.8900118470191956,0.9171,13.8833,14.8004
வானிலை மற்றும் காலநிலை ஆய்வு வானிலையியல் என்று அழைக்கப்படுகிறது.,fixed_size,True,True,ok,1.0,0.7074,13.9828,14.6902
வானிலை மற்றும் காலநிலை ஆய்வு வானிலையியல் என்று அழைக்கப்படுகிறது.,semantic_sentence_boundary,True,True,ok,1.0,0.6514,11.0142,11.6656
வானிலை மற்றும் காலநிலை ஆய்வு வானிலையியல் என்று அழைக்கப்படுகிறது.,metadata_aware,True,True,ok,1.0,0.6288,9.834,10.4628
What is the best recipe for chocolate chip cookies?,fixed_size,False,False,top_score_below_threshold (0.148 < 0.28),0.1480434089899063,0.6119,19.9514,20.5633
What is the best recipe for chocolate chip cookies?,semantic_sentence_boundary,False,False,top_score_below_threshold (0.138 < 0.28),0.13814179599285126,0.7386,11.2261,11.9647
What is the best recipe for chocolate chip cookies?,metadata_aware,False,False,top_score_below_threshold (0.129 < 0.28),0.1291312873363495,0.6162,9.1051,9.7213
"1 கப் 8 அவுன்ஸ் கொள்ளக்கூடியது என்பதால், 2/3 கப் 5 1/3 அவுன்ஸ் ஆகும்.",fixed_size,True,True,ok,0.7491276264190674,0.7062,17.0426,17.7488
"1 கப் 8 அவுன்ஸ் கொள்ளக்கூடியது என்பதால், 2/3 கப் 5 1/3 அவுன்ஸ் ஆகும்.",semantic_sentence_boundary,True,True,ok,0.7491276264190674,0.6878,10.7146,11.4024
"1 கப் 8 அவுன்ஸ் கொள்ளக்கூடியது என்பதால், 2/3 கப் 5 1/3 அவுன்ஸ் ஆகும்.",metadata_aware,True,True,ok,0.7491276264190674,0.9363,9.474,10.4103
জলবায়ুবিদ্যা হল আবহাওয়ার প্যাটার্নের বৃহত্তর প্রবণতার অধ্যয়ন।,fixed_size,True,True,ok,0.8653833866119385,0.7082,15.9556,16.6638
জলবায়ুবিদ্যা হল আবহাওয়ার প্যাটার্নের বৃহত্তর প্রবণতার অধ্যয়ন।,semantic_sentence_boundary,True,True,ok,0.8653833866119385,0.7047,11.4728,12.1775
জলবায়ুবিদ্যা হল আবহাওয়ার প্যাটার্নের বৃহত্তর প্রবণতার অধ্যয়ন।,metadata_aware,True,True,ok,0.8653833866119385,1.1316,10.8338,11.9654
बाज़ कितनी तेजी से यात्रा करता है,fixed_size,True,True,ok,0.3960990905761719,0.7028,15.6714,16.3742
बाज़ कितनी तेजी से यात्रा करता है,semantic_sentence_boundary,True,True,ok,0.3672582507133484,0.7588,9.7328,10.4916
बाज़ कितनी तेजी से यात्रा करता है,metadata_aware,True,True,ok,0.3672582507133484,0.5638,10.7366,11.3004
வானிலை என்பது குறுகிய காலத்திற்கு நீடிக்கும் மற்றும் பொதுவாக நாளையில் வெயில் போன்ற ஒரு குறிப்பிட்ட நேரத்தைப் பற்றி பேசுகிறது.,fixed_size,True,True,ok,0.8360123038291931,0.8065,14.1685,14.975
வானிலை என்பது குறுகிய காலத்திற்கு நீடிக்கும் மற்றும் பொதுவாக நாளையில் வெயில் போன்ற ஒரு குறிப்பிட்ட நேரத்தைப் பற்றி பேசுகிறது.,semantic_sentence_boundary,True,True,ok,0.9018152952194214,0.7452,11.7498,12.495
வானிலை என்பது குறுகிய காலத்திற்கு நீடிக்கும் மற்றும் பொதுவாக நாளையில் வெயில் போன்ற ஒரு குறிப்பிட்ட நேரத்தைப் பற்றி பேசுகிறது.,metadata_aware,True,True,ok,0.9018152952194214,1.1915,10.068,11.2595
"র‍্যাডিক্যাল নেক ডিসেকশনের সময়, যতটা সম্ভব ক্যান্সারযুক্ত টিস্যু অপসারণ করা হয়, এবং যদিও এতে লিম্ফ নোড অপসারণ অন্তর্ভুক্ত থাকতে পারে, শল্যচিকিৎসক যতটা সম্ভব অনেক কাঠামো বাঁচানোর চেষ্টা করেন।",fixed_size,True,True,ok,0.8308476209640503,1.0288,14.8532,15.882
"র‍্যাডিক্যাল নেক ডিসেকশনের সময়, যতটা সম্ভব ক্যান্সারযুক্ত টিস্যু অপসারণ করা হয়, এবং যদিও এতে লিম্ফ নোড অপসারণ অন্তর্ভুক্ত থাকতে পারে, শল্যচিকিৎসক যতটা সম্ভব অনেক কাঠামো বাঁচানোর চেষ্টা করেন।",semantic_sentence_boundary,True,True,ok,0.9175300598144531,0.9573,10.9909,11.9482
"র‍্যাডিক্যাল নেক ডিসেকশনের সময়, যতটা সম্ভব ক্যান্সারযুক্ত টিস্যু অপসারণ করা হয়, এবং যদিও এতে লিম্ফ নোড অপসারণ অন্তর্ভুক্ত থাকতে পারে, শল্যচিকিৎসক যতটা সম্ভব অনেক কাঠামো বাঁচানোর চেষ্টা করেন।",metadata_aware,True,True,ok,0.9175300598144531,0.9584,9.8573,10.8157
రింగ్‌వర్మ్ పురుగు లేదా ఇతర పరాన్నజీవుల వల్ల సంభవించదు.,fixed_size,True,True,ok,0.5575873851776123,0.6556,15.2488,15.9044
రింగ్‌వర్మ్ పురుగు లేదా ఇతర పరాన్నజీవుల వల్ల సంభవించదు.,semantic_sentence_boundary,True,True,ok,0.6550877690315247,0.9645,13.7015,14.666
రింగ్‌వర్మ్ పురుగు లేదా ఇతర పరాన్నజీవుల వల్ల సంభవించదు.,metadata_aware,True,True,ok,0.6550877690315247,1.2832,9.0944,10.3776
"லீஜியன் பின்பற்றுபவர்கள் வேலை செய்யாது, அவர்களை தேடுவதற்கான பணிகளை சேகரிக்க வேண்டும் என்ற நோக்கத்துடன் அவர்களை அனுப்புவதை விட!@#$ உங்களுக்காக அவர்களை தேடும் பணிகளுக்கு அனுப்புங்கள்.",fixed_size,True,True,ok,0.8357727527618408,0.8465,16.6682,17.5147
"லீஜியன் பின்பற்றுபவர்கள் வேலை செய்யாது, அவர்களை தேடுவதற்கான பணிகளை சேகரிக்க வேண்டும் என்ற நோக்கத்துடன் அவர்களை அனுப்புவதை விட!@#$ உங்களுக்காக அவர்களை தேடும் பணிகளுக்கு அனுப்புங்கள்.",semantic_sentence_boundary,True,True,ok,0.8731971979141235,0.8284,10.1872,11.0156
"லீஜியன் பின்பற்றுபவர்கள் வேலை செய்யாது, அவர்களை தேடுவதற்கான பணிகளை சேகரிக்க வேண்டும் என்ற நோக்கத்துடன் அவர்களை அனுப்புவதை விட!@#$ உங்களுக்காக அவர்களை தேடும் பணிகளுக்கு அனுப்புங்கள்.",metadata_aware,True,True,ok,0.8731971979141235,0.9006,9.2917,10.1923
1 जेम्स बी.,fixed_size,True,False,top_score_below_threshold (0.185 < 0.28),0.18515729904174805,0.7967,16.683,17.4797
1 जेम्स बी.,semantic_sentence_boundary,True,False,top_score_below_threshold (0.239 < 0.28),0.23874419927597046,0.6431,9.7791,10.4222
1 जेम्स बी.,metadata_aware,True,False,top_score_below_threshold (0.239 < 0.28),0.23874419927597046,0.4902,9.7071,10.1973
छान लें और फिर से बोतलबंद करें।,fixed_size,True,True,ok,0.5515546202659607,0.9076,33.6063,34.5139
छान लें और फिर से बोतलबंद करें।,semantic_sentence_boundary,True,True,ok,1.0,1.0363,26.3578,27.3941
छान लें और फिर से बोतलबंद करें।,metadata_aware,True,True,ok,1.0,0.6018,23.2569,23.8587
How does compound interest work on a savings account?,fixed_size,False,False,top_score_below_threshold (0.180 < 0.28),0.1803167313337326,1.6969,32.3788,34.0757
How does compound interest work on a savings account?,semantic_sentence_boundary,False,False,top_score_below_threshold (0.153 < 0.28),0.15256467461585999,0.9646,25.979,26.9436
How does compound interest work on a savings account?,metadata_aware,False,False,top_score_below_threshold (0.157 < 0.28),0.1572817862033844,0.9735,21.0931,22.0666
"சமூகவியலில் பொருள் கலாச்சாரம்: வரையறை, ஆய்வுகள் & எடுத்துக்காட்டுகள்.",fixed_size,True,True,ok,0.8927227258682251,1.1568,30.4609,31.6177
"சமூகவியலில் பொருள் கலாச்சாரம்: வரையறை, ஆய்வுகள் & எடுத்துக்காட்டுகள்.",semantic_sentence_boundary,True,True,ok,0.7347633838653564,1.5399,22.9208,24.4607
"சமூகவியலில் பொருள் கலாச்சாரம்: வரையறை, ஆய்வுகள் & எடுத்துக்காட்டுகள்.",metadata_aware,True,True,ok,0.7347633838653564,1.1524,22.797,23.9494
కంటాలూప్ పండుకు ఎంత సమయం పడుతుంది,fixed_size,True,True,ok,0.3840644359588623,1.8634,36.914,38.7774
కంటాలూప్ పండుకు ఎంత సమయం పడుతుంది,semantic_sentence_boundary,True,True,ok,0.35695216059684753,1.198,23.0709,24.2689
కంటాలూప్ పండుకు ఎంత సమయం పడుతుంది,metadata_aware,True,True,ok,0.35695216059684753,1.719,22.0127,23.7317
బార్టర్ సిస్టమ్ మరియు దాని సమస్యలు ఏమిటి,fixed_size,True,True,ok,0.3833029866218567,1.0348,33.8105,34.8453
బార్టర్ సిస్టమ్ మరియు దాని సమస్యలు ఏమిటి,semantic_sentence_boundary,True,True,ok,0.3961981236934662,1.3048,29.5826,30.8874
బార్టర్ సిస్టమ్ మరియు దాని సమస్యలు ఏమిటి,metadata_aware,True,True,ok,0.3961981236934662,1.0891,24.7991,25.8882
मैं एक बार फिर अपनी परिचित दुनिया को पीछे छोड़कर नीचे के अंधेरे में उतर रहा हूँ।,fixed_size,True,True,ok,0.873620867729187,1.2038,32.2159,33.4197
मैं एक बार फिर अपनी परिचित दुनिया को पीछे छोड़कर नीचे के अंधेरे में उतर रहा हूँ।,semantic_sentence_boundary,True,True,ok,0.6322914361953735,1.1147,25.1632,26.2779
मैं एक बार फिर अपनी परिचित दुनिया को पीछे छोड़कर नीचे के अंधेरे में उतर रहा हूँ।,metadata_aware,True,True,ok,0.6322914361953735,1.2234,23.0332,24.2566
"ప్రపంచంలో 50% మంది అలెర్జీతో బాధపడుతున్నారు మరియు వృత్తిపరమైన ఊపిరితిత్తుల వ్యాధి అనేది పనికి సంబంధించిన అనారోగ్యానికి ప్రధాన కారణం కాబట్టి, డిమాండ్ మరియు అవసరం స్పష్టంగా కనిపిస్తుంది.",fixed_size,True,True,ok,0.9566026926040649,1.3299,35.3081,36.638
"ప్రపంచంలో 50% మంది అలెర్జీతో బాధపడుతున్నారు మరియు వృత్తిపరమైన ఊపిరితిత్తుల వ్యాధి అనేది పనికి సంబంధించిన అనారోగ్యానికి ప్రధాన కారణం కాబట్టి, డిమాండ్ మరియు అవసరం స్పష్టంగా కనిపిస్తుంది.",semantic_sentence_boundary,True,True,ok,1.0,1.7847,25.7707,27.5554
"ప్రపంచంలో 50% మంది అలెర్జీతో బాధపడుతున్నారు మరియు వృత్తిపరమైన ఊపిరితిత్తుల వ్యాధి అనేది పనికి సంబంధించిన అనారోగ్యానికి ప్రధాన కారణం కాబట్టి, డిమాండ్ మరియు అవసరం స్పష్టంగా కనిపిస్తుంది.",metadata_aware,True,True,ok,0.8029167056083679,1.4503,24.1729,25.6232
முன்னுரை.,fixed_size,True,True,ok,0.29382285475730896,1.0481,39.2135,40.2616
முன்னுரை.,semantic_sentence_boundary,True,False,top_score_below_threshold (0.273 < 0.28),0.272514283657074,0.9308,27.7694,28.7002
முன்னுரை.,metadata_aware,True,False,top_score_below_threshold (0.273 < 0.28),0.272514283657074,1.2221,23.067,24.2891
"সেখান থেকে, অ্যাপিয়ারেন্স এবং পার্সোনালাইজেশনে ক্লিক করুন, তারপর পার্সোনালাইজেশনে ক্লিক করুন।",fixed_size,True,True,ok,0.953475296497345,1.2626,34.311,35.5736
"সেখান থেকে, অ্যাপিয়ারেন্স এবং পার্সোনালাইজেশনে ক্লিক করুন, তারপর পার্সোনালাইজেশনে ক্লিক করুন।",semantic_sentence_boundary,True,True,ok,0.7107412815093994,1.0703,25.4219,26.4922
"সেখান থেকে, অ্যাপিয়ারেন্স এবং পার্সোনালাইজেশনে ক্লিক করুন, তারপর পার্সোনালাইজেশনে ক্লিক করুন।",metadata_aware,True,True,ok,0.7107412815093994,1.6924,23.6862,25.3786
উভয় কমিটি বর্তমানে অভিযুক্ত সংযোগগুলির তদন্তে নেতৃত্ব দিচ্ছে।,fixed_size,True,True,ok,0.7325625419616699,1.0652,36.2707,37.3359
উভয় কমিটি বর্তমানে অভিযুক্ত সংযোগগুলির তদন্তে নেতৃত্ব দিচ্ছে।,semantic_sentence_boundary,True,True,ok,0.7325625419616699,1.0814,26.6152,27.6966
উভয় কমিটি বর্তমানে অভিযুক্ত সংযোগগুলির তদন্তে নেতৃত্ব দিচ্ছে।,metadata_aware,True,True,ok,0.7325625419616699,1.0199,26.4818,27.5017
கொலராடோ மருத்துவ பொதுச்செலவு மரிஜுவானா அறிவியல் ஆலோசனைக் குழுவிடமிருந்து $2 மில்லியன் மானியத்தைப் பெற்ற சிஸ்லி மரிஜுவானாவின் செயல்திறன் குறித்த முதல் பெரிய அளவிலான ஆய்வுகளில் ஒன்றாகும்.,fixed_size,True,True,ok,1.0,1.5098,37.7626,39.2724
கொலராடோ மருத்துவ பொதுச்செலவு மரிஜுவானா அறிவியல் ஆலோசனைக் குழுவிடமிருந்து $2 மில்லியன் மானியத்தைப் பெற்ற சிஸ்லி மரிஜுவானாவின் செயல்திறன் குறித்த முதல் பெரிய அளவிலான ஆய்வுகளில் ஒன்றாகும்.,semantic_sentence_boundary,True,True,ok,1.0,1.3317,26.9639,28.2956
கொலராடோ மருத்துவ பொதுச்செலவு மரிஜுவானா அறிவியல் ஆலோசனைக் குழுவிடமிருந்து $2 மில்லியன் மானியத்தைப் பெற்ற சிஸ்லி மரிஜுவானாவின் செயல்திறன் குறித்த முதல் பெரிய அளவிலான ஆய்வுகளில் ஒன்றாகும்.,metadata_aware,True,True,ok,1.0,1.9644,21.6621,23.6265
"अनुमोदन प्राप्त करने के लिए नैदानिक परीक्षणों के लिए और अधिक समय तक प्रतीक्षा करनी होगी, यहां तक कि एफ.डी.ए.",fixed_size,True,True,ok,0.7884881496429443,1.1467,38.5873,39.734
"अनुमोदन प्राप्त करने के लिए नैदानिक परीक्षणों के लिए और अधिक समय तक प्रतीक्षा करनी होगी, यहां तक कि एफ.डी.ए.",semantic_sentence_boundary,True,True,ok,0.8690887093544006,1.0702,24.3385,25.4087
"अनुमोदन प्राप्त करने के लिए नैदानिक परीक्षणों के लिए और अधिक समय तक प्रतीक्षा करनी होगी, यहां तक कि एफ.डी.ए.",metadata_aware,True,True,ok,0.8690887093544006,1.1418,20.9963,22.1381
"80 से अधिक क्षमताएं उपलब्ध हैं, लेकिन आमतौर पर प्रत्येक वांछनीय होती है कि वे कौन से मिशन मॉब क्षमता का मुकाबला कर सकते हैं।",fixed_size,True,True,ok,0.7469339370727539,1.2212,35.1452,36.3664
"80 से अधिक क्षमताएं उपलब्ध हैं, लेकिन आमतौर पर प्रत्येक वांछनीय होती है कि वे कौन से मिशन मॉब क्षमता का मुकाबला कर सकते हैं।",semantic_sentence_boundary,True,True,ok,0.8252590894699097,1.2326,27.3795,28.6121
"80 से अधिक क्षमताएं उपलब्ध हैं, लेकिन आमतौर पर प्रत्येक वांछनीय होती है कि वे कौन से मिशन मॉब क्षमता का मुकाबला कर सकते हैं।",metadata_aware,True,True,ok,0.8252590894699097,1.228,23.9139,25.1419
ஃபிராங்க் கிஃபோர்டு எத்தனை பெண்களை திருமணம் செய்து கொண்டார்,fixed_size,True,True,ok,0.5314494371414185,1.1734,33.5287,34.7021
ஃபிராங்க் கிஃபோர்டு எத்தனை பெண்களை திருமணம் செய்து கொண்டார்,semantic_sentence_boundary,True,True,ok,0.5401766896247864,1.0421,25.0117,26.0538
ஃபிராங்க் கிஃபோர்டு எத்தனை பெண்களை திருமணம் செய்து கொண்டார்,metadata_aware,True,True,ok,0.5401766896247864,1.1557,21.5547,22.7104
விமானங்களை வாங்குவதற்கு மலிவான நிதியைப் பெறுவது இந்த நிறுவனங்களுக்கு ஒரு குறிப்பிடத்தக்க நன்மை என்று லீஹம் எல்எல்சி தலைவர் ஸ்காட் ஹாமில்டன் கூறினார்.,fixed_size,True,True,ok,0.8505215048789978,1.8296,31.4996,33.3292
விமானங்களை வாங்குவதற்கு மலிவான நிதியைப் பெறுவது இந்த நிறுவனங்களுக்கு ஒரு குறிப்பிடத்தக்க நன்மை என்று லீஹம் எல்எல்சி தலைவர் ஸ்காட் ஹாமில்டன் கூறினார்.,semantic_sentence_boundary,True,True,ok,0.7802371978759766,1.8945,24.11,26.0045
விமானங்களை வாங்குவதற்கு மலிவான நிதியைப் பெறுவது இந்த நிறுவனங்களுக்கு ஒரு குறிப்பிடத்தக்க நன்மை என்று லீஹம் எல்எல்சி தலைவர் ஸ்காட் ஹாமில்டன் கூறினார்.,metadata_aware,True,True,ok,0.7925070524215698,1.2555,21.3695,22.625
"যারা ইতিমধ্যেই ফোসাম্যাক্স, বোনিভা বা অন্যান্য বিসফসফোনেট ওষুধ গ্রহণ করছেন এমন অস্টিওপোরোসিস আক্রান্ত ব্যক্তিদের জন্য, পাঁচ বছর ব্যবহারের পর একটি ""ড্রাগ হলিডে"" নেওয়ার কথা বিবেচনা করুন।",fixed_size,True,True,ok,1.0,1.3518,33.8768,35.2286
"যারা ইতিমধ্যেই ফোসাম্যাক্স, বোনিভা বা অন্যান্য বিসফসফোনেট ওষুধ গ্রহণ করছেন এমন অস্টিওপোরোসিস আক্রান্ত ব্যক্তিদের জন্য, পাঁচ বছর ব্যবহারের পর একটি ""ড্রাগ হলিডে"" নেওয়ার কথা বিবেচনা করুন।",semantic_sentence_boundary,True,True,ok,1.0,1.8352,23.2246,25.0598
"যারা ইতিমধ্যেই ফোসাম্যাক্স, বোনিভা বা অন্যান্য বিসফসফোনেট ওষুধ গ্রহণ করছেন এমন অস্টিওপোরোসিস আক্রান্ত ব্যক্তিদের জন্য, পাঁচ বছর ব্যবহারের পর একটি ""ড্রাগ হলিডে"" নেওয়ার কথা বিবেচনা করুন।",metadata_aware,True,True,ok,1.0,2.082,24.0601,26.1421
"कंपनी के अध्यक्ष जो मूर ने उस प्रस्ताव को अस्वीकार कर दिया और क्यूबा, ओ'लेरी और जॉन से अधिक मामूली ऋण का विकल्प चुना।",fixed_size,True,True,ok,0.888393759727478,1.3741,33.8917,35.2658
"कंपनी के अध्यक्ष जो मूर ने उस प्रस्ताव को अस्वीकार कर दिया और क्यूबा, ओ'लेरी और जॉन से अधिक मामूली ऋण का विकल्प चुना।",semantic_sentence_boundary,True,True,ok,0.9999999403953552,1.1382,25.7266,26.8648
"कंपनी के अध्यक्ष जो मूर ने उस प्रस्ताव को अस्वीकार कर दिया और क्यूबा, ओ'लेरी और जॉन से अधिक मामूली ऋण का विकल्प चुना।",metadata_aware,True,True,ok,0.9999999403953552,1.095,25.2743,26.3693
